"Date","Price","Open","High","Low","Vol.","Change %"
"09/15/2024","24,081.00","24,081.00","24,081.00","24,081.00","","0.00%"
"09/08/2024","24,081.00","24,081.00","24,081.00","24,081.00","","0.00%"
"09/01/2024","24,081.00","24,081.00","24,081.00","24,081.00","","0.00%"
"08/25/2024","24,081.00","24,081.00","24,081.00","24,081.00","","0.00%"
"08/18/2024","24,081.00","24,531.00","24,531.00","24,531.00","","-1.83%"
"08/11/2024","24,531.00","26,131.00","26,131.00","26,131.00","","-6.12%"
"08/04/2024","26,131.00","26,131.00","26,131.00","26,131.00","","0.00%"
"07/28/2024","26,131.00","26,268.00","26,268.00","26,268.00","","-0.59%"
"07/21/2024","26,285.00","26,298.00","26,298.00","26,298.00","","-0.11%"
"07/14/2024","26,315.00","26,178.00","26,178.00","26,178.00","","0.44%"
"07/07/2024","26,200.00","26,743.50","26,743.50","26,743.50","0.29K","-2.11%"
"06/30/2024","26,765.00","26,780.00","26,780.00","26,780.00","","-0.14%"
"06/23/2024","26,801.50","26,818.00","26,818.00","26,818.00","","-0.14%"
"06/16/2024","26,840.00","26,810.00","26,810.00","26,810.00","","0.03%"
"06/09/2024","26,832.00","26,848.50","26,848.50","26,848.50","","-0.14%"
"06/02/2024","26,870.00","26,886.00","26,886.00","26,886.00","","-0.14%"
"05/26/2024","26,908.00","26,918.00","26,918.00","26,918.00","","-0.14%"
"05/19/2024","26,945.00","26,950.00","26,950.00","26,950.00","","-2.73%"
"05/12/2024","27,702.00","27,714.50","27,714.50","27,714.50","","-0.11%"
"05/05/2024","27,732.00","27,732.00","27,732.00","27,732.00","","-0.11%"
"04/28/2024","27,762.00","27,780.00","27,780.00","27,780.00","","-0.11%"
"04/21/2024","27,793.00","27,809.00","27,809.00","27,809.00","","-0.10%"
"04/14/2024","27,822.00","27,715.00","27,715.00","27,715.00","","0.39%"
"04/07/2024","27,715.00","28,437.00","28,437.00","28,437.00","","-2.54%"
"03/31/2024","28,437.00","28,437.00","28,437.00","28,437.00","","0.00%"
"03/24/2024","28,437.00","28,437.00","28,437.00","28,437.00","","0.00%"
"03/17/2024","28,437.00","28,288.00","28,288.00","28,288.00","","0.53%"
"03/10/2024","28,288.00","28,288.00","28,288.00","28,288.00","","0.00%"
"03/03/2024","28,288.00","28,288.00","28,288.00","28,288.00","","0.00%"
"02/25/2024","28,288.00","28,288.00","28,288.00","28,288.00","","0.00%"
"02/18/2024","28,288.00","28,137.00","28,137.00","28,137.00","","0.54%"
"02/11/2024","28,137.00","28,137.00","28,137.00","28,137.00","","0.00%"
"02/04/2024","28,137.00","28,727.00","28,727.00","28,727.00","","-2.14%"
"01/28/2024","28,753.50","28,770.00","28,770.00","28,770.00","","-0.11%"
"01/21/2024","28,786.50","28,808.00","28,808.00","28,808.00","","-0.13%"
"01/14/2024","28,824.00","28,691.50","28,691.50","28,691.50","","0.41%"
"01/07/2024","28,707.25","28,728.00","28,728.00","28,728.00","","-0.13%"
"12/31/2023","28,744.00","28,760.50","28,760.50","28,760.50","","-0.15%"
"12/24/2023","28,787.50","28,792.50","28,792.50","28,792.50","","-0.11%"
"12/17/2023","28,819.00","28,687.50","28,687.50","28,687.50","","0.40%"
"12/10/2023","28,704.00","30,862.00","30,862.00","30,862.00","","-9.14%"
"12/03/2023","31,591.00","33,057.00","33,057.00","33,057.00","","-4.48%"
"11/26/2023","33,073.00","33,088.50","33,088.50","33,088.50","","-0.11%"
"11/19/2023","33,110.00","33,124.50","33,124.50","33,124.50","","-0.10%"
"11/12/2023","33,142.00","33,003.00","33,003.00","33,003.00","","0.37%"
"11/05/2023","33,020.50","33,034.00","33,034.00","33,034.00","","-0.09%"
"10/29/2023","33,051.00","33,063.00","33,063.00","33,063.00","","-0.09%"
"10/22/2023","33,080.00","33,093.00","33,093.00","33,093.00","","-0.09%"
"10/15/2023","33,110.00","32,974.00","32,974.00","32,974.00","","0.35%"
"10/08/2023","32,995.50","33,012.00","33,012.00","33,012.00","","-0.12%"
"10/01/2023","33,033.50","33,044.50","33,044.50","33,044.50","","-0.11%"
"09/24/2023","33,071.00","33,082.00","33,082.00","33,082.00","","-0.11%"
"09/17/2023","33,108.50","32,977.00","32,977.00","32,977.00","","0.36%"
"09/10/2023","32,990.00","33,008.25","33,008.25","33,008.25","","-0.09%"
"09/03/2023","33,021.00","33,038.00","33,038.00","33,038.00","","-0.09%"
"08/27/2023","33,051.00","33,055.50","33,055.50","33,055.50","","-0.09%"
"08/20/2023","33,081.00","33,094.00","33,094.00","33,094.00","","-0.09%"
"08/13/2023","33,111.00","32,975.00","32,975.00","32,975.00","","0.35%"
"08/06/2023","32,996.00","33,012.00","33,012.00","33,012.00","","-0.11%"
"07/30/2023","33,033.00","33,049.50","33,049.50","33,049.50","","-0.11%"
"07/23/2023","33,071.00","33,087.50","33,087.50","33,087.50","","-0.11%"
"07/16/2023","33,109.00","32,977.00","32,977.00","32,977.00","","0.33%"
"07/09/2023","32,999.00","33,015.00","33,015.00","33,015.00","","-0.11%"
"07/02/2023","33,036.00","33,052.50","33,052.50","33,052.50","","-0.11%"
"06/25/2023","33,074.00","29,195.50","29,195.50","29,195.50","","13.20%"
"06/18/2023","29,217.00","29,083.00","29,083.00","29,083.00","","0.40%"
"06/11/2023","29,100.25","29,113.50","29,113.50","29,113.50","","-0.11%"
"06/04/2023","29,131.00","29,144.00","29,144.00","29,144.00","","-0.10%"
"05/28/2023","29,161.00","29,169.00","29,169.00","29,169.00","","-0.10%"
"05/21/2023","29,190.00","34,604.00","34,604.00","34,604.00","","-15.69%"
"05/14/2023","34,621.00","34,484.00","34,484.00","34,484.00","","0.34%"
"05/07/2023","34,505.00","34,516.00","34,516.00","34,516.00","","-0.11%"
"04/30/2023","34,543.00","34,554.50","34,554.50","34,554.50","","-0.11%"
"04/23/2023","34,582.00","34,602.00","34,602.00","34,602.00","","-0.10%"
"04/16/2023","34,618.00","34,488.00","34,488.00","34,488.00","","0.33%"
"04/09/2023","34,504.00","34,514.50","34,514.50","34,514.50","","-0.12%"
"04/02/2023","34,546.50","34,563.00","34,563.00","34,563.00","","-0.09%"
"03/26/2023","34,579.00","33,845.00","33,845.00","33,845.00","","2.11%"
"03/19/2023","33,866.00","33,881.00","33,881.00","33,881.00","","-0.09%"
"03/12/2023","33,898.00","33,755.00","33,755.00","33,755.00","0.02K","0.37%"
"03/05/2023","33,772.00","33,776.50","33,776.50","33,776.50","","-0.09%"
"02/26/2023","33,802.00","33,814.50","33,814.50","33,814.50","","-0.11%"
"02/19/2023","33,840.00","35,375.00","35,375.00","35,375.00","0.03K","-4.36%"
"02/12/2023","35,384.00","38,493.00","38,493.00","38,493.00","0.01K","-8.10%"
"02/05/2023","38,504.50","38,532.00","38,532.00","38,532.00","","-0.10%"
"01/29/2023","38,543.00","48,652.00","48,652.00","48,652.00","","-20.79%"
"01/22/2023","48,657.00","48,672.00","48,672.00","48,672.00","","-0.07%"
"01/15/2023","48,693.00","48,556.00","48,556.00","48,556.00","0.01K","0.25%"
"01/08/2023","48,573.50","48,582.50","48,582.50","48,582.50","","-0.06%"
"01/01/2023","48,604.00","50,072.00","50,072.00","50,072.00","","-5.79%"
"12/25/2022","51,591.00","51,599.00","51,599.00","51,599.00","","-0.06%"
"12/18/2022","51,621.00","51,481.00","51,481.00","51,481.00","0.01K","0.24%"
"12/11/2022","51,498.50","51,514.00","51,514.00","51,514.00","","-0.07%"
"12/04/2022","51,536.00","51,552.50","51,552.50","51,552.50","","-0.07%"
"11/27/2022","51,574.00","51,584.00","51,584.00","51,584.00","","-0.06%"
"11/20/2022","51,606.00","51,621.00","51,621.00","51,621.00","","-0.07%"
"11/13/2022","51,643.00","51,503.00","51,503.00","51,503.00","0.01K","0.23%"
"11/06/2022","51,525.00","51,540.00","51,540.00","51,540.00","","-0.07%"
"10/30/2022","51,561.00","51,572.00","51,572.00","51,572.00","","-0.07%"
"10/23/2022","51,599.00","51,615.50","51,615.50","51,615.50","","-0.07%"
"10/16/2022","51,637.00","51,503.00","51,503.00","51,503.00","0.01K","0.22%"
"10/09/2022","51,525.00","51,542.00","51,542.00","51,542.00","","-0.07%"
"10/02/2022","51,563.00","51,581.00","51,581.00","51,581.00","","-0.08%"
"09/25/2022","51,603.00","51,613.00","51,613.00","51,613.00","","-0.07%"
"09/18/2022","51,640.00","51,510.00","51,510.00","51,510.00","0.01K","0.22%"
"09/11/2022","51,526.00","51,545.00","51,545.00","51,545.00","","-0.06%"
"09/04/2022","51,558.00","51,574.00","51,574.00","51,574.00","","-0.06%"
"08/28/2022","51,587.00","51,595.00","51,595.00","51,595.00","","-0.06%"
"08/21/2022","51,617.00","49,130.00","49,130.00","49,130.00","0.00K","5.03%"
"08/14/2022","49,147.00","46,500.00","46,500.00","46,500.00","0.02K","4.56%"
"08/07/2022","47,005.00","49,025.00","49,025.00","49,025.00","","-4.16%"
"07/31/2022","49,046.00","50,070.00","50,070.00","50,070.00","","-2.10%"
"07/24/2022","50,097.00","50,115.00","50,115.00","50,115.00","","-0.08%"
"07/17/2022","50,137.00","50,000.00","50,000.00","50,000.00","0.03K","-8.85%"
"07/10/2022","55,006.00","60,022.50","60,022.50","60,022.50","","-8.39%"
"07/03/2022","60,044.00","65,060.50","65,060.50","65,060.50","","-7.74%"
"06/26/2022","65,082.00","71,113.00","71,113.00","71,113.00","","-9.70%"
"06/19/2022","72,074.00","72,106.50","72,106.50","72,106.50","","-0.07%"
"06/12/2022","72,125.00","72,000.00","72,000.00","72,000.00","0.01K","-0.52%"
"06/05/2022","72,502.00","73,509.00","73,509.00","73,509.00","","-1.54%"
"05/29/2022","73,636.00","73,644.00","73,644.00","73,644.00","","-0.03%"
"05/22/2022","73,661.00","74,673.00","74,673.00","74,673.00","","-1.38%"
"05/15/2022","74,690.00","74,668.00","74,668.00","74,668.00","0.01K","-8.57%"
"05/08/2022","81,690.00","81,707.00","81,707.00","81,707.00","","-0.05%"
"05/01/2022","81,729.00","81,729.00","81,729.00","81,729.00","","-0.05%"
"04/24/2022","81,767.00","81,782.00","81,782.00","81,782.00","","-0.04%"
"04/17/2022","81,803.00","81,818.00","81,818.00","81,818.00","","0.00%"
"04/10/2022","81,800.00","81,813.00","81,813.00","81,813.00","0.01K","-0.03%"
"04/03/2022","81,827.00","81,839.00","81,839.00","81,839.00","","-0.04%"
"03/27/2022","81,856.00","81,868.00","81,868.00","81,868.00","","-0.04%"
"03/20/2022","81,885.00","81,897.00","81,897.00","81,897.00","","-0.04%"
"03/13/2022","81,914.00","81,886.00","81,886.00","81,886.00","0.01K","0.02%"
"03/06/2022","81,900.00","79,023.00","79,023.00","79,023.00","","8.43%"
"02/27/2022","75,531.00","73,767.00","73,767.00","73,767.00","","2.38%"
"02/20/2022","73,774.00","72,573.00","72,573.00","72,573.00","","1.65%"
"02/13/2022","72,580.00","70,717.00","70,717.00","70,717.00","0.01K","2.62%"
"02/06/2022","70,724.50","70,731.00","70,731.00","70,731.00","","-0.03%"
"01/30/2022","70,748.00","70,764.00","70,764.00","70,764.00","","-0.03%"
"01/23/2022","70,768.00","71,780.00","71,780.00","71,780.00","","-1.36%"
"01/16/2022","71,744.00","70,149.00","70,149.00","70,149.00","0.01K","2.24%"
"01/09/2022","70,169.00","70,182.00","70,182.00","70,182.00","","-0.04%"
"01/02/2022","70,199.00","70,214.00","70,214.00","70,214.00","","-0.05%"
"12/26/2021","70,232.00","70,240.50","70,240.50","70,240.50","","-0.04%"
"12/19/2021","70,262.00","70,274.00","70,274.00","70,274.00","","-0.04%"
"12/12/2021","70,291.00","69,516.00","69,516.00","69,516.00","0.00K","1.10%"
"12/05/2021","69,529.00","69,014.00","69,014.00","69,014.00","","4.14%"
"11/28/2021","66,762.00","62,885.00","62,885.00","62,885.00","","6.14%"
"11/21/2021","62,901.00","61,313.50","61,313.50","61,313.50","","2.55%"
"11/14/2021","61,335.00","59,200.00","59,200.00","59,200.00","0.01K","3.57%"
"11/07/2021","59,222.00","59,237.50","59,237.50","59,237.50","0.01K","-0.06%"
"10/31/2021","59,259.00","56,319.00","56,319.00","56,319.00","","5.18%"
"10/24/2021","56,340.00","56,313.00","56,313.00","56,313.00","","0.01%"
"10/17/2021","56,335.00","56,100.00","56,100.00","56,100.00","0.02K","0.47%"
"10/10/2021","56,074.00","52,967.00","52,967.00","52,967.00","","5.83%"
"10/03/2021","52,985.00","52,997.00","52,997.00","52,997.00","","-0.06%"
"09/26/2021","53,014.50","53,023.00","53,023.00","53,023.00","","-0.06%"
"09/19/2021","53,044.00","53,060.00","53,060.00","53,060.00","","-0.05%"
"09/12/2021","53,073.00","51,123.00","51,123.00","51,123.00","0.01K","3.78%"
"09/05/2021","51,139.00","50,500.75","50,500.75","50,500.75","0.00K","1.23%"
"08/29/2021","50,517.00","50,121.50","50,121.50","50,121.50","0.00K","0.75%"
"08/22/2021","50,143.00","51,228.00","51,228.00","51,228.00","","-2.16%"
"08/15/2021","51,249.50","52,328.50","52,328.50","52,328.50","0.00K","-2.10%"
"08/08/2021","52,350.50","52,367.00","52,367.00","52,367.00","","-0.07%"
"08/01/2021","52,389.00","52,404.00","52,404.00","52,404.00","0.00K","-0.07%"
"07/25/2021","52,426.00","52,441.00","52,441.00","52,441.00","","-0.07%"
"07/18/2021","52,463.00","52,477.50","52,477.50","52,477.50","","-0.06%"
"07/11/2021","52,495.50","50,454.00","50,454.00","50,454.00","0.00K","4.01%"
"07/04/2021","50,471.00","50,483.00","50,483.00","50,483.00","","-0.06%"
"06/27/2021","50,500.00","45,500.00","45,500.00","45,500.00","","10.95%"
"06/20/2021","45,517.00","45,526.00","45,526.00","45,526.00","","2.21%"
"06/13/2021","44,532.00","42,500.00","42,500.00","42,500.00","","4.78%"
"06/06/2021","42,500.00","42,500.00","42,500.00","42,500.00","0.01K","0.00%"
"05/30/2021","42,500.00","43,615.00","43,615.00","43,615.00","0.01K","-2.56%"
"05/23/2021","43,615.00","43,615.00","43,615.00","43,615.00","","0.00%"
"05/16/2021","43,615.00","44,095.00","44,095.00","44,095.00","","-1.09%"
"05/09/2021","44,095.00","45,165.00","45,165.00","45,165.00","0.01K","-2.37%"
"05/02/2021","45,165.00","45,165.00","45,165.00","45,165.00","","0.00%"
"04/25/2021","45,165.00","46,450.00","46,450.00","46,450.00","","-9.22%"
"04/18/2021","49,750.00","49,819.00","49,819.00","49,819.00","","-0.14%"
"04/11/2021","49,819.00","49,819.00","49,819.00","49,819.00","0.01K","0.00%"
"04/04/2021","49,819.00","50,069.00","50,069.00","50,069.00","","-0.50%"
"03/28/2021","50,069.00","51,069.00","51,069.00","51,069.00","","-3.38%"
"03/21/2021","51,819.00","52,679.00","52,679.00","52,679.00","","-1.63%"
"03/14/2021","52,679.00","52,763.00","52,763.00","52,763.00","","-0.16%"
"03/07/2021","52,763.00","52,763.00","52,763.00","52,763.00","0.01K","0.00%"
"02/28/2021","52,763.00","52,763.00","52,763.00","52,763.00","","1.56%"
"02/21/2021","51,953.00","50,725.00","50,725.00","50,725.00","","2.42%"
"02/14/2021","50,725.00","47,000.00","47,000.00","47,000.00","0.01K","7.93%"
"02/07/2021","47,000.00","45,700.00","45,700.00","45,700.00","0.00K","2.84%"
"01/31/2021","45,700.00","41,239.50","41,239.50","41,239.50","","10.81%"
"01/24/2021","41,243.00","40,000.00","40,000.00","40,000.00","","4.15%"
"01/17/2021","39,600.00","37,491.00","37,491.00","37,491.00","","5.60%"
"01/10/2021","37,500.00","37,000.00","37,000.00","37,000.00","0.00K","2.74%"
"01/03/2021","36,500.00","33,000.00","33,000.00","33,000.00","","13.95%"
"12/27/2020","32,031.75","32,036.25","32,036.25","32,036.25","","-0.05%"
"12/20/2020","32,047.00","32,061.00","32,061.00","32,061.00","","-0.05%"
"12/13/2020","32,063.75","31,686.50","31,686.50","31,686.50","","1.15%"
"12/06/2020","31,700.00","31,987.50","31,987.50","31,987.50","0.01K","-0.96%"
"11/29/2020","32,008.50","32,041.00","32,041.00","32,041.00","0.01K","-0.10%"
"11/22/2020","32,041.00","32,057.50","32,057.50","32,057.50","","-0.12%"
"11/15/2020","32,079.00","32,441.50","32,441.50","32,441.50","","-1.18%"
"11/08/2020","32,463.00","32,479.00","32,479.00","32,479.00","0.00K","-0.12%"
"11/01/2020","32,500.50","32,516.50","32,516.50","32,516.50","","-0.12%"
"10/25/2020","32,538.00","33,024.00","33,024.00","33,024.00","","-1.54%"
"10/18/2020","33,045.50","32,985.75","32,985.75","32,985.75","","0.13%"
"10/11/2020","33,002.50","33,491.00","33,491.00","33,491.00","0.00K","-1.51%"
"10/04/2020","33,508.25","33,941.25","33,941.25","33,941.25","","-1.29%"
"09/27/2020","33,945.50","33,971.50","33,971.50","33,971.50","","-0.14%"
"09/20/2020","33,992.50","34,005.30","34,005.30","34,005.30","","-0.07%"
"09/13/2020","34,018.00","33,000.00","33,000.00","33,000.00","","3.08%"
"09/06/2020","33,001.25","32,999.00","32,999.00","32,999.00","0.00K","-0.03%"
"08/30/2020","33,012.00","33,025.00","33,025.00","33,025.00","","-0.09%"
"08/23/2020","33,042.50","33,055.50","33,055.50","33,055.50","","-0.09%"
"08/16/2020","33,072.50","33,049.00","33,049.00","33,049.00","","0.02%"
"08/09/2020","33,066.00","33,079.00","33,079.00","33,079.00","0.00K","-0.09%"
"08/02/2020","33,096.00","30,200.00","30,200.00","30,200.00","","14.12%"
"07/26/2020","29,000.00","28,389.00","28,389.00","28,389.00","0.03K","2.09%"
"07/19/2020","28,406.50","28,418.00","28,418.00","28,418.00","","-0.09%"
"07/12/2020","28,431.00","28,440.50","28,440.50","28,440.50","","-0.08%"
"07/05/2020","28,453.00","28,462.50","28,462.50","28,462.50","0.00K","-0.08%"
"06/28/2020","28,475.00","28,484.00","28,484.00","28,484.00","0.01K","-0.08%"
"06/21/2020","28,497.00","28,837.50","28,837.50","28,837.50","","-1.22%"
"06/14/2020","28,850.00","29,000.00","29,000.00","29,000.00","","-0.52%"
"06/07/2020","29,000.00","29,594.30","29,594.30","29,594.30","","-2.08%"
"05/31/2020","29,615.30","29,631.00","29,631.00","29,631.00","0.00K","-0.12%"
"05/24/2020","29,652.00","29,663.00","29,663.00","29,663.00","","-0.13%"
"05/17/2020","29,690.00","29,555.00","29,555.00","29,555.00","","0.40%"
"05/10/2020","29,573.00","29,586.00","29,586.00","29,586.00","0.01K","-0.10%"
"05/03/2020","29,603.00","29,616.00","29,616.00","29,616.00","","-0.10%"
"04/26/2020","29,633.00","29,649.00","29,649.00","29,649.00","","-0.10%"
"04/19/2020","29,662.00","29,678.00","29,678.00","29,678.00","","-0.10%"
"04/12/2020","29,691.50","29,705.50","29,705.50","29,705.50","","0.37%"
"04/05/2020","29,582.00","29,598.00","29,598.00","29,598.00","0.01K","-0.11%"
"03/29/2020","29,614.00","29,630.50","29,630.50","29,630.50","0.03K","-0.13%"
"03/22/2020","29,652.00","29,668.50","29,668.50","29,668.50","","-0.13%"
"03/15/2020","29,690.00","29,695.00","29,695.00","29,695.00","0.01K","-6.27%"
"03/08/2020","31,676.00","31,676.00","31,676.00","31,676.00","","-4.34%"
"03/01/2020","33,113.00","33,113.00","33,113.00","33,113.00","0.01K","-0.13%"
"02/23/2020","33,156.50","33,156.50","33,156.50","33,156.50","","-0.86%"
"02/16/2020","33,444.50","33,444.50","33,444.50","33,444.50","","0.35%"
"02/09/2020","33,326.50","33,326.50","33,326.50","33,326.50","0.01K","-2.29%"
"02/02/2020","34,107.50","34,107.50","34,107.50","34,107.50","","-1.53%"
"01/26/2020","34,637.50","34,637.50","34,637.50","34,637.50","","7.70%"
"01/19/2020","32,162.50","32,162.50","32,162.50","32,162.50","","0.69%"
"01/12/2020","31,941.50","31,941.50","31,941.50","31,941.50","","-1.16%"
"01/05/2020","32,318.00","32,318.00","32,318.00","32,318.00","0.05K","1.47%"
"12/29/2019","31,850.00","31,850.00","31,850.00","31,850.00","","-1.66%"
"12/22/2019","32,388.00","32,388.00","32,388.00","32,388.00","","-0.12%"
"12/15/2019","32,425.50","32,425.50","32,425.50","32,425.50","0.00K","-5.49%"
"12/08/2019","34,308.00","34,308.00","34,308.00","34,308.00","0.05K","-0.11%"
"12/01/2019","34,347.00","34,347.00","34,347.00","34,347.00","0.00K","-2.93%"
"11/24/2019","35,384.00","35,384.00","35,384.00","35,384.00","","-0.80%"
"11/17/2019","35,670.00","35,670.00","35,670.00","35,670.00","","0.37%"
"11/10/2019","35,538.00","35,538.00","35,538.00","35,538.00","0.01K","-0.08%"
"11/03/2019","35,567.00","35,567.00","35,567.00","35,567.00","","-0.09%"
"10/27/2019","35,598.00","35,598.00","35,598.00","35,598.00","","-0.09%"
"10/20/2019","35,630.00","35,630.00","35,630.00","35,630.00","","-0.13%"
"10/13/2019","35,675.00","35,675.00","35,675.00","35,675.00","","0.48%"
"10/06/2019","35,505.00","35,505.00","35,505.00","35,505.00","0.10K","4.30%"
"09/29/2019","34,042.00","34,042.00","34,042.00","34,042.00","","-6.91%"
"09/22/2019","36,568.00","36,568.00","36,568.00","36,568.00","0.22K","-0.10%"
"09/15/2019","36,606.00","36,606.00","36,606.00","36,606.00","0.00K","1.73%"
"09/08/2019","35,984.00","35,984.00","35,984.00","35,984.00","0.34K","2.61%"
"09/01/2019","35,067.00","35,067.00","35,067.00","35,067.00","0.01K","8.79%"
"08/25/2019","32,235.00","32,235.00","32,235.00","32,235.00","","-0.12%"
"08/18/2019","32,273.00","32,273.00","32,273.00","32,273.00","0.02K","0.43%"
"08/11/2019","32,135.50","32,135.50","32,135.50","32,135.50","0.32K","14.50%"
"08/04/2019","28,065.50","28,065.50","28,065.50","28,065.50","","9.37%"
"07/28/2019","25,662.00","25,662.00","25,662.00","25,662.00","","-0.11%"
"07/21/2019","25,691.00","25,691.00","25,691.00","25,691.00","0.05K","-7.32%"
"07/14/2019","27,721.00","27,721.00","27,721.00","27,721.00","0.07K","4.00%"
"07/07/2019","26,654.00","26,654.00","26,654.00","26,654.00","0.34K","-6.89%"
"06/30/2019","28,625.00","28,625.00","28,625.00","28,625.00","","-0.09%"
"06/23/2019","28,650.00","28,650.00","28,650.00","28,650.00","","2.32%"
"06/16/2019","28,000.00","28,000.00","28,000.00","28,000.00","0.07K","0.00%"
"06/09/2019","28,000.00","28,000.00","28,000.00","28,000.00","0.33K","0.00%"
"06/02/2019","28,000.00","28,000.00","28,000.00","28,000.00","0.00K","-12.50%"
"05/26/2019","32,000.00","32,000.00","32,000.00","32,000.00","","-4.48%"
"05/19/2019","33,500.00","33,500.00","33,500.00","33,500.00","","-2.90%"
"05/12/2019","34,500.00","34,500.00","34,500.00","34,500.00","","0.00%"
"05/05/2019","34,500.00","34,500.00","34,500.00","34,500.00","0.56K","0.00%"
"04/28/2019","34,500.00","34,500.00","34,500.00","34,500.00","","0.00%"
"04/21/2019","34,500.00","34,500.00","34,500.00","34,500.00","","-1.43%"
"04/14/2019","35,000.00","35,000.00","35,000.00","35,000.00","0.79K","1.45%"
"04/07/2019","34,500.00","34,500.00","34,500.00","34,500.00","0.32K","7.81%"
"03/31/2019","32,000.00","32,000.00","32,000.00","32,000.00","0.07K","6.67%"
"03/24/2019","30,000.00","30,000.00","30,000.00","30,000.00","0.04K","0.00%"
"03/17/2019","30,000.00","30,000.00","30,000.00","30,000.00","0.71K","0.00%"
"03/10/2019","30,000.00","30,000.00","30,000.00","30,000.00","0.06K","-9.09%"
"03/03/2019","33,000.00","33,000.00","33,000.00","33,000.00","0.24K","0.00%"
"02/24/2019","33,000.00","33,000.00","33,000.00","33,000.00","0.32K","6.45%"
"02/17/2019","31,000.00","31,000.00","31,000.00","31,000.00","0.72K","0.00%"
"02/10/2019","31,000.00","31,000.00","31,000.00","31,000.00","0.27K","-6.06%"
"02/03/2019","33,000.00","33,000.00","33,000.00","33,000.00","","-2.94%"
"01/27/2019","34,000.00","34,000.00","34,000.00","34,000.00","","-10.53%"
"01/20/2019","38,000.00","38,000.00","38,000.00","38,000.00","","0.00%"
"01/13/2019","38,000.00","38,000.00","38,000.00","38,000.00","0.83K","-9.52%"
"01/06/2019","42,000.00","42,000.00","42,000.00","42,000.00","0.26K","-6.67%"
"12/30/2018","45,000.00","45,000.00","45,000.00","45,000.00","","-18.18%"
"12/23/2018","55,000.00","55,000.00","55,000.00","55,000.00","","0.00%"
"12/16/2018","55,000.00","55,000.00","55,000.00","55,000.00","1.57K","0.00%"
"12/09/2018","55,000.00","55,000.00","55,000.00","55,000.00","0.49K","0.00%"
"12/02/2018","55,000.00","55,000.00","55,000.00","55,000.00","0.32K","0.00%"
"11/25/2018","55,000.00","55,000.00","55,000.00","55,000.00","0.18K","0.00%"
"11/18/2018","55,000.00","55,000.00","55,000.00","55,000.00","0.12K","0.00%"
"11/11/2018","55,000.00","55,000.00","55,000.00","55,000.00","0.66K","7.84%"
"11/04/2018","51,000.00","51,000.00","51,000.00","51,000.00","0.00K","-12.07%"
"10/28/2018","58,000.00","58,000.00","58,000.00","58,000.00","","-3.73%"
"10/21/2018","60,250.00","60,250.00","60,250.00","60,250.00","","0.00%"
"10/14/2018","60,250.00","60,250.00","60,250.00","60,250.00","0.06K","-3.14%"
"10/07/2018","62,200.00","62,200.00","62,200.00","62,200.00","0.23K","9.70%"
"09/30/2018","56,700.00","56,700.00","56,700.00","56,700.00","0.00K","-8.48%"
"09/23/2018","61,951.00","61,951.00","61,951.00","61,951.00","","0.00%"
"09/16/2018","61,951.00","61,951.00","61,951.00","61,951.00","0.41K","-0.97%"
"09/09/2018","62,556.00","62,556.00","62,556.00","62,556.00","0.23K","1.62%"
"09/02/2018","61,556.00","61,556.00","61,556.00","61,556.00","0.01K","-4.28%"
"08/26/2018","64,306.00","64,306.00","64,306.00","64,306.00","","0.78%"
"08/19/2018","63,806.00","63,806.00","63,806.00","63,806.00","0.00K","-0.06%"
"08/12/2018","63,847.00","63,847.00","63,847.00","63,847.00","0.09K","3.56%"
"08/05/2018","61,655.00","61,655.00","61,655.00","61,655.00","0.24K","-4.19%"
"07/29/2018","64,350.00","64,350.00","64,350.00","64,350.00","0.00K","-7.74%"
"07/22/2018","69,750.00","69,750.00","69,750.00","69,750.00","","0.00%"
"07/15/2018","69,750.00","69,750.00","69,750.00","69,750.00","0.09K","-0.71%"
"07/08/2018","70,250.00","70,250.00","70,250.00","70,250.00","0.20K","-3.77%"
"07/01/2018","73,000.00","73,000.00","73,000.00","73,000.00","0.03K","-5.87%"
"06/24/2018","77,550.00","77,550.00","77,550.00","77,550.00","","-2.02%"
"06/17/2018","79,150.00","79,150.00","79,150.00","79,150.00","0.14K","-0.75%"
"06/10/2018","79,750.00","79,750.00","79,750.00","79,750.00","","-3.63%"
"06/03/2018","82,750.00","82,750.00","82,750.00","82,750.00","0.01K","-5.97%"
"05/27/2018","88,000.00","88,000.00","88,000.00","88,000.00","0.00K","-3.03%"
"05/20/2018","90,750.00","90,750.00","90,750.00","90,750.00","0.02K","0.00%"
"05/13/2018","90,750.00","90,750.00","90,750.00","90,750.00","0.12K","0.28%"
"05/06/2018","90,500.00","90,500.00","90,500.00","90,500.00","0.08K","2.26%"
"04/29/2018","88,500.00","88,500.00","88,500.00","88,500.00","0.01K","0.00%"
"04/22/2018","88,500.00","88,500.00","88,500.00","88,500.00","0.00K","-3.01%"
"04/15/2018","91,250.00","91,250.00","91,250.00","91,250.00","0.63K","-0.82%"
"04/08/2018","92,000.00","92,000.00","92,000.00","92,000.00","0.03K","0.82%"
"04/01/2018","91,250.00","91,250.00","91,250.00","91,250.00","0.08K","-2.46%"
"03/25/2018","93,550.00","93,550.00","93,550.00","93,550.00","0.00K","-0.53%"
"03/18/2018","94,050.00","94,050.00","94,050.00","94,050.00","0.12K","6.42%"
"03/11/2018","88,375.00","88,375.00","88,375.00","88,375.00","0.08K","5.18%"
"03/04/2018","84,020.00","84,020.00","84,020.00","84,020.00","","6.02%"
"02/25/2018","79,250.00","79,250.00","79,250.00","79,250.00","0.02K","-2.69%"
"02/18/2018","81,444.00","81,444.00","81,444.00","81,444.00","0.06K","0.15%"
"02/11/2018","81,325.00","81,325.00","81,325.00","81,325.00","0.02K","0.05%"
"02/04/2018","81,285.00","81,285.00","81,285.00","81,285.00","0.00K","1.04%"
"01/28/2018","80,449.00","80,449.00","80,449.00","80,449.00","","0.91%"
"01/21/2018","79,720.00","79,720.00","79,720.00","79,720.00","0.01K","0.28%"
"01/14/2018","79,496.50","79,496.50","79,496.50","79,496.50","0.22K","6.07%"
"01/07/2018","74,947.00","74,947.00","74,947.00","74,947.00","","-0.30%"
"12/31/2017","75,170.00","75,170.00","75,170.00","75,170.00","","-0.05%"
"12/24/2017","75,205.00","75,205.00","75,205.00","75,205.00","","0.00%"
"12/17/2017","75,205.00","75,205.00","75,205.00","75,205.00","0.03K","4.15%"
"12/10/2017","72,205.00","72,205.00","72,205.00","72,205.00","0.01K","-3.08%"
"12/03/2017","74,500.00","74,500.00","74,500.00","74,500.00","0.04K","11.72%"
"11/26/2017","66,685.00","66,685.00","66,685.00","66,685.00","0.02K","5.65%"
"11/19/2017","63,120.00","63,120.00","63,120.00","63,120.00","0.03K","2.63%"
"11/12/2017","61,500.00","61,500.00","61,500.00","61,500.00","0.45K","1.23%"
"11/05/2017","60,750.00","60,750.00","60,750.00","60,750.00","0.18K","-0.08%"
"10/29/2017","60,800.00","60,800.00","60,800.00","60,800.00","0.04K","0.50%"
"10/22/2017","60,500.00","60,500.00","60,500.00","60,500.00","0.01K","-0.77%"
"10/15/2017","60,970.00","60,970.00","60,970.00","60,970.00","0.17K","2.41%"
"10/08/2017","59,532.50","59,532.50","59,532.50","59,532.50","0.04K","1.76%"
"10/01/2017","58,500.00","58,500.00","58,500.00","58,500.00","0.05K","-0.91%"
"09/24/2017","59,040.00","59,040.00","59,040.00","59,040.00","0.01K","-0.37%"
"09/17/2017","59,262.00","59,262.00","59,262.00","59,262.00","0.22K","-4.18%"
"09/10/2017","61,850.00","61,850.00","61,850.00","61,850.00","0.39K","1.64%"
"09/03/2017","60,850.00","60,850.00","60,850.00","60,850.00","0.05K","0.16%"
"08/27/2017","60,750.00","60,750.00","60,750.00","60,750.00","","0.00%"
"08/20/2017","60,750.00","60,750.00","60,750.00","60,750.00","0.00K","0.75%"
"08/13/2017","60,296.00","60,296.00","60,296.00","60,296.00","0.06K","6.25%"
"08/06/2017","56,750.00","56,750.00","56,750.00","56,750.00","0.08K","-3.32%"
"07/30/2017","58,700.00","58,700.00","58,700.00","58,700.00","0.01K","3.31%"
"07/23/2017","56,820.00","56,820.00","56,820.00","56,820.00","0.01K","-1.78%"
"07/16/2017","57,850.00","57,850.00","57,850.00","57,850.00","0.01K","-2.12%"
"07/09/2017","59,100.00","59,100.00","59,100.00","59,100.00","0.02K","-1.09%"
"07/02/2017","59,750.00","59,750.00","59,750.00","59,750.00","0.01K","0.00%"
"06/25/2017","59,750.00","59,750.00","59,750.00","59,750.00","0.03K","2.58%"
"06/18/2017","58,250.00","58,250.00","58,250.00","58,250.00","0.19K","0.87%"
"06/11/2017","57,750.00","57,750.00","57,750.00","57,750.00","0.38K","3.13%"
"06/04/2017","56,000.00","56,000.00","56,000.00","56,000.00","","-0.62%"
"05/28/2017","56,350.00","56,350.00","56,350.00","56,350.00","0.46K","0.90%"
"05/21/2017","55,850.00","55,850.00","55,850.00","55,850.00","0.01K","2.95%"
"05/14/2017","54,250.00","54,250.00","54,250.00","54,250.00","0.50K","-0.55%"
"05/07/2017","54,550.00","54,550.00","54,550.00","54,550.00","0.02K","-0.91%"
"04/30/2017","55,050.00","55,050.00","55,050.00","55,050.00","0.01K","0.09%"
"04/23/2017","55,000.00","55,000.00","55,000.00","55,000.00","","0.46%"
"04/16/2017","54,750.00","54,750.00","54,750.00","54,750.00","0.04K","-0.90%"
"04/09/2017","55,250.00","55,250.00","55,250.00","55,250.00","0.02K","-0.45%"
"04/02/2017","55,500.00","55,500.00","55,500.00","55,500.00","0.02K","1.83%"
"03/26/2017","54,500.00","54,500.00","54,500.00","54,500.00","0.48K","1.40%"
"03/19/2017","53,750.00","53,750.00","53,750.00","53,750.00","","1.90%"
"03/12/2017","52,750.00","52,750.00","52,750.00","52,750.00","0.06K","0.96%"
"03/05/2017","52,250.00","52,250.00","52,250.00","52,250.00","0.02K","2.45%"
"02/26/2017","51,000.00","51,000.00","51,000.00","51,000.00","0.07K","6.81%"
"02/19/2017","47,750.00","47,750.00","47,750.00","47,750.00","","7.91%"
"02/12/2017","44,250.00","44,250.00","44,250.00","44,250.00","0.22K","11.04%"
"02/05/2017","39,850.00","39,850.00","39,850.00","39,850.00","0.02K","6.27%"
"01/29/2017","37,500.00","37,500.00","37,500.00","37,500.00","","1.35%"
"01/22/2017","37,000.00","37,000.00","37,000.00","37,000.00","","3.50%"
"01/15/2017","35,750.00","35,750.00","35,750.00","35,750.00","0.16K","3.77%"
"01/08/2017","34,450.00","34,450.00","34,450.00","34,450.00","0.07K","5.19%"
"01/01/2017","32,750.00","32,750.00","32,750.00","32,750.00","0.07K","0.00%"
"12/25/2016","32,750.00","32,750.00","32,750.00","32,750.00","0.44K","0.00%"
"12/18/2016","32,750.00","32,750.00","32,750.00","32,750.00","","1.82%"
"12/11/2016","32,165.00","32,165.00","32,165.00","32,165.00","0.08K","2.22%"
"12/04/2016","31,465.00","31,465.00","31,465.00","31,465.00","0.02K","5.76%"
"11/27/2016","29,750.00","29,750.00","29,750.00","29,750.00","0.08K","0.00%"
"11/20/2016","29,750.00","29,750.00","29,750.00","29,750.00","","0.00%"
"11/13/2016","29,750.00","29,750.00","29,750.00","29,750.00","0.06K","1.71%"
"11/06/2016","29,250.00","29,250.00","29,250.00","29,250.00","0.04K","1.74%"
"10/30/2016","28,750.00","28,750.00","28,750.00","28,750.00","","1.79%"
"10/23/2016","28,244.00","28,244.00","28,244.00","28,244.00","","0.87%"
"10/16/2016","28,000.00","28,000.00","28,000.00","28,000.00","0.03K","-0.88%"
"10/09/2016","28,250.00","28,250.00","28,250.00","28,250.00","0.07K","0.00%"
"10/02/2016","28,250.00","28,250.00","28,250.00","28,250.00","0.00K","2.73%"
"09/25/2016","27,500.00","27,500.00","27,500.00","27,500.00","","0.92%"
"09/18/2016","27,250.00","27,250.00","27,250.00","27,250.00","0.08K","1.87%"
"09/11/2016","26,750.00","26,750.00","26,750.00","26,750.00","0.00K","0.94%"
"09/04/2016","26,500.00","26,500.00","26,500.00","26,500.00","0.01K","2.91%"
"08/28/2016","25,750.00","25,750.00","25,750.00","25,750.00","0.00K","-0.96%"
"08/21/2016","26,000.00","26,000.00","26,000.00","26,000.00","","-1.89%"
"08/14/2016","26,500.00","26,500.00","26,500.00","26,500.00","","0.95%"
"08/07/2016","26,250.00","26,250.00","26,250.00","26,250.00","0.00K","0.00%"
"07/31/2016","26,250.00","26,250.00","26,250.00","26,250.00","0.04K","0.00%"
"07/24/2016","26,250.00","26,250.00","26,250.00","26,250.00","0.00K","2.94%"
"07/17/2016","25,500.00","25,500.00","25,500.00","25,500.00","0.05K","-0.97%"
"07/10/2016","25,750.00","25,750.00","25,750.00","25,750.00","0.01K","4.04%"
"07/03/2016","24,750.00","24,750.00","24,750.00","24,750.00","0.02K","2.51%"
"06/26/2016","24,143.00","24,143.00","24,143.00","24,143.00","0.00K","2.07%"
"06/19/2016","23,654.50","23,654.50","23,654.50","23,654.50","0.01K","-0.04%"
"06/12/2016","23,665.00","23,665.00","23,665.00","23,665.00","0.05K","-1.08%"
"06/05/2016","23,924.00","23,924.00","23,924.00","23,924.00","0.04K","2.09%"
"05/29/2016","23,433.50","23,433.50","23,433.50","23,433.50","0.00K","-1.10%"
"05/22/2016","23,693.50","23,693.50","23,693.50","23,693.50","0.00K","-0.56%"
"05/15/2016","23,827.50","23,827.50","23,827.50","23,827.50","0.00K","1.59%"
"05/08/2016","23,453.50","23,453.50","23,453.50","23,453.50","0.04K","-1.10%"
"05/01/2016","23,714.50","23,714.50","23,714.50","23,714.50","0.00K","-0.05%"
"04/24/2016","23,725.50","23,725.50","23,725.50","23,725.50","","2.10%"
"04/17/2016","23,236.50","23,236.50","23,236.50","23,236.50","0.02K","2.36%"
"04/10/2016","22,700.00","22,700.00","22,700.00","22,700.00","0.04K","-0.74%"
"04/03/2016","22,870.00","22,870.00","22,870.00","22,870.00","0.00K","1.06%"
"03/27/2016","22,630.00","22,630.00","22,630.00","22,630.00","0.01K","-1.24%"
"03/20/2016","22,914.00","22,914.00","22,914.00","22,914.00","0.01K","-0.68%"
"03/13/2016","23,072.00","23,072.00","23,072.00","23,072.00","0.02K","-0.09%"
"03/06/2016","23,092.00","23,092.00","23,092.00","23,092.00","0.04K","-1.12%"
"02/28/2016","23,354.50","23,354.50","23,354.50","23,354.50","0.01K","5.12%"
"02/21/2016","22,218.00","22,218.00","22,218.00","22,218.00","0.01K","-1.82%"
"02/14/2016","22,631.00","22,631.00","22,631.00","22,631.00","0.08K","2.44%"
"02/07/2016","22,093.00","22,093.00","22,093.00","22,093.00","0.03K","-3.33%"
"01/31/2016","22,855.00","22,855.00","22,855.00","22,855.00","0.01K","4.74%"
"01/24/2016","21,820.00","21,820.00","21,820.00","21,820.00","0.01K","-3.58%"
"01/17/2016","22,629.00","22,629.00","22,629.00","22,629.00","0.05K","-4.34%"
"01/10/2016","23,655.00","23,655.00","23,655.00","23,655.00","0.03K","-0.02%"
"01/03/2016","23,660.00","23,660.00","23,660.00","23,660.00","0.06K","-1.28%"
"12/27/2015","23,966.00","23,966.00","23,966.00","23,966.00","","-3.08%"
"12/20/2015","24,727.00","24,727.00","24,727.00","24,727.00","","2.26%"
"12/13/2015","24,181.00","24,181.00","24,181.00","24,181.00","0.22K","6.75%"
"12/06/2015","22,651.00","22,651.00","22,651.00","22,651.00","0.02K","-4.25%"
"11/29/2015","23,656.00","23,656.00","23,656.00","23,656.00","","-1.08%"
"11/22/2015","23,915.00","23,915.00","23,915.00","23,915.00","","3.20%"
"11/15/2015","23,173.00","23,173.00","23,173.00","23,173.00","","-3.30%"
"11/08/2015","23,965.00","23,965.00","23,965.00","23,965.00","0.06K","-8.44%"
"11/01/2015","26,173.00","26,173.00","26,173.00","26,173.00","0.00K","-2.82%"
"10/25/2015","26,933.00","26,933.00","26,933.00","26,933.00","0.00K","-0.97%"
"10/18/2015","27,197.00","27,197.00","27,197.00","27,197.00","0.04K","-1.76%"
"10/11/2015","27,685.00","27,685.00","27,685.00","27,685.00","0.05K","0.89%"
"10/04/2015","27,441.00","27,441.00","27,441.00","27,441.00","0.01K","-0.01%"
"09/27/2015","27,445.00","27,445.00","27,445.00","27,445.00","","-0.94%"
"09/20/2015","27,706.00","27,706.00","27,706.00","27,706.00","","-0.02%"
"09/13/2015","27,710.50","27,710.50","27,710.50","27,710.50","0.26K","-1.71%"
"09/06/2015","28,193.50","28,193.50","28,193.50","28,193.50","0.03K","1.79%"
"08/30/2015","27,698.00","27,698.00","27,698.00","27,698.00","","-1.61%"
"08/23/2015","28,151.00","28,151.00","28,151.00","28,151.00","","-1.07%"
"08/16/2015","28,455.00","28,455.00","28,455.00","28,455.00","0.19K","-5.47%"
"08/09/2015","30,100.00","30,100.00","30,100.00","30,100.00","0.02K","4.88%"
"08/02/2015","28,700.00","28,700.00","28,700.00","28,700.00","0.01K","-6.51%"
"07/26/2015","30,700.00","30,700.00","30,700.00","30,700.00","0.02K","-0.90%"
"07/19/2015","30,980.00","30,980.00","30,980.00","30,980.00","","0.00%"
"07/12/2015","30,980.00","30,980.00","30,980.00","30,980.00","0.10K","-3.64%"
"07/05/2015","32,150.00","32,150.00","32,150.00","32,150.00","0.23K","-0.77%"
"06/28/2015","32,400.00","32,400.00","32,400.00","32,400.00","","5.05%"
"06/21/2015","30,842.00","30,842.00","30,842.00","30,842.00","","1.52%"
"06/14/2015","30,380.00","30,380.00","30,380.00","30,380.00","0.05K","0.03%"
"06/07/2015","30,370.00","30,370.00","30,370.00","30,370.00","0.18K","-0.24%"
"05/31/2015","30,444.00","30,444.00","30,444.00","30,444.00","0.19K","0.31%"
"05/24/2015","30,350.00","30,350.00","30,350.00","30,350.00","0.01K","-0.23%"
"05/17/2015","30,420.00","30,420.00","30,420.00","30,420.00","0.29K","1.40%"
"05/10/2015","30,001.00","30,001.00","30,001.00","30,001.00","0.02K","0.80%"
"05/03/2015","29,764.00","29,764.00","29,764.00","29,764.00","0.01K","-1.17%"
"04/26/2015","30,117.00","30,117.00","30,117.00","30,117.00","0.01K","0.98%"
"04/19/2015","29,825.00","29,825.00","29,825.00","29,825.00","0.02K","3.57%"
"04/12/2015","28,798.00","28,798.00","28,798.00","28,798.00","0.31K","-0.22%"
"04/05/2015","28,861.00","28,861.00","28,861.00","28,861.00","0.11K","6.99%"
"03/29/2015","26,975.00","26,975.00","26,975.00","26,975.00","0.01K","-0.87%"
"03/22/2015","27,213.00","27,213.00","27,213.00","27,213.00","0.02K","-1.30%"
"03/15/2015","27,571.50","27,571.50","27,571.50","27,571.50","1.33K","-0.10%"
"03/08/2015","27,600.00","27,600.00","27,600.00","27,600.00","0.38K","-0.03%"
"03/01/2015","27,609.00","27,609.00","27,609.00","27,609.00","0.17K","-3.87%"
"02/22/2015","28,720.00","28,720.00","28,720.00","28,720.00","0.09K","-1.65%"
"02/15/2015","29,201.00","29,201.00","29,201.00","29,201.00","0.35K","0.49%"
"02/08/2015","29,060.00","29,060.00","29,060.00","29,060.00","0.09K","-0.51%"
"02/01/2015","29,210.00","29,210.00","29,210.00","29,210.00","","-0.79%"
"01/25/2015","29,444.00","29,444.00","29,444.00","29,444.00","","-3.16%"
"01/18/2015","30,406.00","30,406.00","30,406.00","30,406.00","0.03K","-1.20%"
"01/11/2015","30,775.00","30,775.00","30,775.00","30,775.00","0.04K","-1.94%"
"01/04/2015","31,383.00","31,383.00","31,383.00","31,383.00","","-0.82%"
"12/28/2014","31,641.00","31,641.00","31,641.00","31,641.00","","3.06%"
"12/21/2014","30,703.00","30,703.00","30,703.00","30,703.00","","1.77%"
"12/14/2014","30,168.00","30,168.00","30,168.00","30,168.00","0.14K","-5.35%"
"12/07/2014","31,872.50","31,872.50","31,872.50","31,872.50","0.18K","2.37%"
"11/30/2014","31,134.00","31,134.00","31,134.00","31,134.00","0.01K","2.44%"
"11/23/2014","30,393.00","30,393.00","30,393.00","30,393.00","0.04K","1.63%"
"11/16/2014","29,905.00","29,905.00","29,905.00","29,905.00","0.09K","-3.92%"
"11/09/2014","31,125.00","31,125.00","31,125.00","31,125.00","0.12K","0.54%"
"11/02/2014","30,957.50","30,957.50","30,957.50","30,957.50","","3.32%"
"10/26/2014","29,962.00","29,962.00","29,962.00","29,962.00","","-1.66%"
"10/19/2014","30,468.00","30,468.00","30,468.00","30,468.00","0.02K","-2.70%"
"10/12/2014","31,312.00","31,312.00","31,312.00","31,312.00","0.14K","1.22%"
"10/05/2014","30,934.00","30,934.00","30,934.00","30,934.00","0.18K","-3.11%"
"09/28/2014","31,928.00","31,928.00","31,928.00","31,928.00","","-0.01%"
"09/21/2014","31,931.50","31,931.50","31,931.50","31,931.50","","-2.47%"
"09/14/2014","32,741.00","32,741.00","32,741.00","32,741.00","0.55K","0.99%"
"09/07/2014","32,419.00","32,419.00","32,419.00","32,419.00","","-0.79%"
"08/31/2014","32,677.00","32,677.00","32,677.00","32,677.00","0.01K","0.75%"
"08/24/2014","32,434.00","32,434.00","32,434.00","32,434.00","0.01K","0.35%"
"08/17/2014","32,321.00","32,321.00","32,321.00","32,321.00","0.17K","0.15%"
"08/10/2014","32,274.00","32,274.00","32,274.00","32,274.00","","1.16%"
"08/03/2014","31,903.00","31,903.00","31,903.00","31,903.00","","-0.79%"
"07/27/2014","32,157.00","32,157.00","32,157.00","32,157.00","","-1.55%"
"07/20/2014","32,663.00","32,663.00","32,663.00","32,663.00","","0.75%"
"07/13/2014","32,419.00","32,419.00","32,419.00","32,419.00","0.05K","3.38%"
"07/06/2014","31,358.00","31,358.00","31,358.00","31,358.00","0.10K","2.43%"
"06/29/2014","30,614.00","30,614.00","30,614.00","30,614.00","0.10K","0.75%"
"06/22/2014","30,385.00","30,385.00","30,385.00","30,385.00","0.08K","0.62%"
"06/15/2014","30,197.00","30,197.00","30,197.00","30,197.00","0.07K","-0.86%"
"06/08/2014","30,458.50","30,458.50","30,458.50","30,458.50","0.08K","-0.37%"
"06/01/2014","30,572.00","30,572.00","30,572.00","30,572.00","0.03K","0.31%"
"05/25/2014","30,478.00","30,478.00","30,478.00","30,478.00","0.01K","1.32%"
"05/18/2014","30,080.00","30,080.00","30,080.00","30,080.00","0.17K","0.40%"
"05/11/2014","29,960.00","29,960.00","29,960.00","29,960.00","0.02K","0.67%"
"05/04/2014","29,760.00","29,760.00","29,760.00","29,760.00","0.03K","0.53%"
"04/27/2014","29,603.00","29,603.00","29,603.00","29,603.00","","-2.62%"
"04/20/2014","30,400.00","30,400.00","30,400.00","30,400.00","","3.34%"
"04/13/2014","29,417.00","29,417.00","29,417.00","29,417.00","0.16K","0.13%"
"04/06/2014","29,379.00","29,379.00","29,379.00","29,379.00","","-1.69%"
"03/30/2014","29,883.50","29,883.50","29,883.50","29,883.50","0.05K","-4.82%"
"03/23/2014","31,398.00","31,398.00","31,398.00","31,398.00","","1.58%"
"03/16/2014","30,910.00","30,910.00","30,910.00","30,910.00","0.20K","0.11%"
"03/09/2014","30,875.00","30,875.00","30,875.00","30,875.00","0.01K","0.90%"
"03/02/2014","30,600.00","30,600.00","30,600.00","30,600.00","","-2.29%"
"02/23/2014","31,318.50","31,318.50","31,318.50","31,318.50","0.02K","-0.35%"
"02/16/2014","31,430.00","31,430.00","31,430.00","31,430.00","0.28K","0.88%"
"02/09/2014","31,155.00","31,155.00","31,155.00","31,155.00","","-0.05%"
"02/02/2014","31,171.00","31,171.00","31,171.00","31,171.00","","7.77%"
"01/26/2014","28,924.00","28,924.00","28,924.00","28,924.00","0.01K","3.58%"
"01/19/2014","27,925.00","27,925.00","27,925.00","27,925.00","","0.13%"
"01/12/2014","27,890.00","27,890.00","27,890.00","27,890.00","0.16K","1.42%"
"01/05/2014","27,500.00","27,500.00","27,500.00","27,500.00","0.01K","-7.09%"