Date,Close,Open,High,Low
16.09.2024,79.5,79.5,79.5,79.5
13.09.2024,79.65,79.65,79.65,79.65
12.09.2024,80.05,80.05,80.05,80.05
11.09.2024,79.65,79.65,79.65,79.65
10.09.2024,79.5,79.5,79.5,79.5
09.09.2024,79.55,79.55,79.55,79.55
06.09.2024,79.95,79.95,79.95,79.95
05.09.2024,79.85,79.85,79.85,79.85
04.09.2024,79.6,79.6,79.6,79.6
03.09.2024,79.6,79.6,79.6,79.6
30.08.2024,79.25,79.25,79.25,79.25
29.08.2024,79.5,79.5,79.5,79.5
28.08.2024,79.25,79.25,79.25,79.25
27.08.2024,78.85,78.85,78.85,78.85
26.08.2024,80.15,80.15,80.15,80.15
23.08.2024,82.4,82.4,82.4,82.4
22.08.2024,79.85,79.85,79.85,79.85
21.08.2024,80.05,80.05,80.05,80.05
20.08.2024,80.6,80.6,80.6,80.6
19.08.2024,81.2,81.2,81.2,81.2
16.08.2024,81.2,81.2,81.2,81.2
15.08.2024,81.25,81.25,81.25,81.25
14.08.2024,81.55,81.55,81.55,81.55
13.08.2024,81.55,81.55,81.55,81.55
12.08.2024,81.5,81.5,81.5,81.5
09.08.2024,81.55,81.55,81.55,81.55
08.08.2024,81.6,81.6,81.6,81.6
07.08.2024,81.7,81.7,81.7,81.7
06.08.2024,81.65,81.65,81.65,81.65
05.08.2024,81.85,81.85,81.85,81.85
02.08.2024,82.6,82.6,82.6,82.6
01.08.2024,85.05,85.05,85.05,85.05
31.07.2024,84.45,84.45,84.45,84.45
30.07.2024,82.60,82.60,82.60,82.60
29.07.2024,82.30,82.30,82.30,82.30
26.07.2024,82.45,82.45,82.45,82.45
25.07.2024,82.25,82.25,82.25,82.25
24.07.2024,82.75,82.75,82.75,82.75
23.07.2024,83.30,83.30,83.30,83.30
22.07.2024,83.45,83.45,83.45,83.45
19.07.2024,84.35,84.35,84.35,84.35
18.07.2024,84.70,84.70,84.70,84.70
17.07.2024,85.20,85.20,85.20,85.20
16.07.2024,85.60,85.60,85.60,85.60
15.07.2024,86.25,86.25,86.25,86.25
12.07.2024,86.15,86.15,86.15,86.15
11.07.2024,86.15,86.15,86.15,86.15
10.07.2024,85.85,85.85,85.85,85.85
09.07.2024,85.65,85.65,85.65,85.65
08.07.2024,85.65,85.65,85.65,85.65
05.07.2024,85.65,85.65,85.65,85.65
03.07.2024,85.65,85.65,85.65,85.65
02.07.2024,85.65,85.65,85.65,85.65
01.07.2024,85.70,85.70,85.70,85.70
28.06.2024,85.75,85.75,85.75,85.75
27.06.2024,84.55,84.55,84.55,84.55
26.06.2024,83.55,83.55,83.55,83.55
25.06.2024,83.20,83.20,83.20,83.20
24.06.2024,83.60,83.60,83.60,83.60
21.06.2024,84.50,84.50,84.50,84.50
20.06.2024,85.05,85.05,85.05,85.05
18.06.2024,86.25,86.25,86.25,86.25
17.06.2024,86.15,86.15,86.15,86.15
14.06.2024,86.65,86.65,86.65,86.65
13.06.2024,86.00,86.00,86.00,86.00
12.06.2024,84.50,84.50,84.50,84.50
11.06.2024,82.75,82.75,82.75,82.75
10.06.2024,84.30,84.30,84.30,84.30
07.06.2024,87.40,87.40,87.40,87.40
06.06.2024,87.25,87.25,87.25,87.25
05.06.2024,88.90,88.90,88.90,88.90
04.06.2024,89.65,89.65,89.65,89.65
03.06.2024,89.85,89.85,89.85,89.85
31.05.2024,88.60,88.60,88.60,88.60
30.05.2024,89.90,89.90,89.90,89.90
29.05.2024,90.30,90.30,90.30,90.30
28.05.2024,90.55,90.55,90.55,90.55
24.05.2024,91.65,91.65,91.65,91.65
23.05.2024,91.75,91.75,91.75,91.75
22.05.2024,92.10,92.10,92.10,92.10
21.05.2024,92.05,92.05,92.05,92.05
20.05.2024,91.35,91.35,91.35,91.35
17.05.2024,90.95,90.95,90.95,90.95
16.05.2024,90.65,90.65,90.65,90.65
15.05.2024,90.90,90.90,90.90,90.90
14.05.2024,91.10,91.10,91.10,91.10
13.05.2024,91.10,91.10,91.10,91.10
10.05.2024,92.25,92.25,92.25,92.25
09.05.2024,93.25,93.25,93.25,93.25
08.05.2024,93.75,93.75,93.75,93.75
07.05.2024,93.50,93.50,93.50,93.50
06.05.2024,92.25,92.25,92.25,92.25
03.05.2024,92.40,92.40,92.40,92.40
02.05.2024,91.75,91.75,91.75,91.75
01.05.2024,92.30,92.30,92.30,92.30
30.04.2024,90.25,90.25,90.25,90.25
29.04.2024,87.70,87.70,87.70,87.70
26.04.2024,87.35,87.35,87.35,87.35
25.04.2024,86.10,86.10,86.10,86.10
24.04.2024,88.80,88.80,88.80,88.80
23.04.2024,89.90,89.90,89.90,89.90
22.04.2024,89.45,89.45,89.45,89.45
19.04.2024,89.30,89.30,89.30,89.30
18.04.2024,89.30,89.30,89.30,89.30
17.04.2024,89.30,89.30,89.30,89.30
16.04.2024,89.35,89.35,89.35,89.35
15.04.2024,90.10,90.10,90.10,90.10
12.04.2024,89.65,89.65,89.65,89.65
11.04.2024,88.25,88.25,88.25,88.25
10.04.2024,88.30,88.30,88.30,88.30
09.04.2024,88.80,88.80,88.80,88.80
08.04.2024,88.80,88.80,88.80,88.80
05.04.2024,89.40,89.40,89.40,89.40
04.04.2024,89.40,89.40,89.40,89.40
03.04.2024,89.05,89.05,89.05,89.05
02.04.2024,87.60,87.60,87.60,87.60
01.04.2024,87.65,87.65,87.65,87.65
28.03.2024,88.45,88.45,88.45,88.45
27.03.2024,89.00,89.00,89.00,89.00
26.03.2024,89.35,89.35,89.35,89.35
25.03.2024,88.90,88.90,88.90,88.90
22.03.2024,89.30,89.30,89.30,89.30
21.03.2024,89.20,89.20,89.20,89.20
20.03.2024,87.00,87.00,87.00,87.00
19.03.2024,85.85,85.85,85.85,85.85
18.03.2024,85.85,85.85,85.85,85.85
15.03.2024,85.50,85.50,85.50,85.50
14.03.2024,83.70,83.70,83.70,83.70
13.03.2024,84.10,84.10,84.10,84.10
12.03.2024,89.10,89.10,89.10,89.10
11.03.2024,90.80,90.80,90.80,90.80
08.03.2024,91.30,91.30,91.30,91.30
07.03.2024,91.45,91.45,91.45,91.45
06.03.2024,92.20,92.20,92.20,92.20
05.03.2024,92.55,92.55,92.55,92.55
04.03.2024,93.40,93.40,93.40,93.40
01.03.2024,94.20,94.20,94.20,94.20
29.02.2024,94.70,94.70,94.70,94.70
28.02.2024,94.70,94.70,94.70,94.70
27.02.2024,95.60,95.60,95.60,95.60
26.02.2024,94.85,94.85,94.85,94.85
23.02.2024,96.50,96.50,96.50,96.50
22.02.2024,98.75,98.75,98.75,98.75
21.02.2024,99.25,99.25,99.25,99.25
20.02.2024,101.25,101.25,101.25,101.25
16.02.2024,101.80,101.80,101.80,101.80
15.02.2024,102.35,102.35,102.35,102.35
14.02.2024,102.75,102.75,102.75,102.75
13.02.2024,103.40,103.40,103.40,103.40
12.02.2024,103.25,103.25,103.25,103.25
09.02.2024,100.75,100.75,100.75,100.75
08.02.2024,100.90,100.90,100.90,100.90
07.02.2024,102.55,102.55,102.55,102.55
06.02.2024,103.55,103.55,103.55,103.55
05.02.2024,105.65,105.65,105.65,105.65
02.02.2024,106.30,106.30,106.30,106.30
01.02.2024,104.35,104.35,104.35,104.35
31.01.2024,101.30,101.30,101.30,101.30
30.01.2024,100.55,100.55,100.55,100.55
29.01.2024,99.65,99.65,99.65,99.65
26.01.2024,100.20,100.20,100.20,100.20
25.01.2024,102.00,102.00,102.00,102.00
24.01.2024,104.40,104.40,104.40,104.40
23.01.2024,105.50,105.50,105.50,105.50
22.01.2024,106.00,106.00,106.00,106.00
19.01.2024,106.00,106.00,106.00,106.00
18.01.2024,105.75,105.75,105.75,105.75
17.01.2024,105.75,105.75,105.75,105.75
16.01.2024,105.75,105.75,105.75,105.75
12.01.2024,102.75,102.75,102.75,102.75
11.01.2024,95.20,95.20,95.20,95.20
10.01.2024,94.40,94.40,94.40,94.40
09.01.2024,93.50,93.50,93.50,93.50
08.01.2024,92.45,92.45,92.45,92.45
05.01.2024,92.45,92.45,92.45,92.45
04.01.2024,92.45,92.45,92.45,92.45
03.01.2024,92.10,92.10,92.10,92.10
02.01.2024,92.00,92.00,92.00,92.00
29.12.2023,91.60,91.60,91.60,91.60
28.12.2023,91.60,91.60,91.60,91.60
27.12.2023,91.60,91.60,91.60,91.60
26.12.2023,91.60,91.60,91.60,91.60
22.12.2023,91.55,91.55,91.55,91.55
21.12.2023,90.30,90.30,90.30,90.30
20.12.2023,90.15,90.15,90.15,90.15
19.12.2023,88.30,88.30,88.30,88.30
18.12.2023,87.35,87.35,87.35,87.35
15.12.2023,86.85,86.85,86.85,86.85
14.12.2023,85.35,85.35,85.35,85.35
13.12.2023,85.35,85.35,85.35,85.35
12.12.2023,85.35,85.35,85.35,85.35
11.12.2023,83.15,83.15,83.15,83.15
08.12.2023,82.70,82.70,82.70,82.70
07.12.2023,82.10,82.10,82.10,82.10
06.12.2023,82.10,82.10,82.10,82.10
05.12.2023,81.75,81.75,81.75,81.75
04.12.2023,81.50,81.50,81.50,81.50
01.12.2023,81.75,81.75,81.75,81.75
30.11.2023,80.60,80.60,80.60,80.60
29.11.2023,81.15,81.15,81.15,81.15
28.11.2023,81.05,81.05,81.05,81.05
27.11.2023,80.70,80.70,80.70,80.70
24.11.2023,80.75,80.75,80.75,80.75
22.11.2023,80.75,80.75,80.75,80.75
21.11.2023,81.00,81.00,81.00,81.00
20.11.2023,79.50,79.50,79.50,79.50
17.11.2023,78.00,78.00,78.00,78.00
16.11.2023,76.35,76.35,76.35,76.35
15.11.2023,74.30,74.30,74.30,74.30
14.11.2023,74.35,74.35,74.35,74.35
13.11.2023,74.25,74.25,74.25,74.25
10.11.2023,73.35,73.35,73.35,73.35
09.11.2023,72.95,72.95,72.95,72.95
08.11.2023,73.05,73.05,73.05,73.05
07.11.2023,73.70,73.70,73.70,73.70
06.11.2023,74.15,74.15,74.15,74.15
03.11.2023,74.35,74.35,74.35,74.35
02.11.2023,74.50,74.50,74.50,74.50
01.11.2023,74.65,74.65,74.65,74.65
31.10.2023,74.60,74.60,74.60,74.60
30.10.2023,74.50,74.50,74.50,74.50
27.10.2023,74.40,74.40,74.40,74.40
26.10.2023,74.25,74.25,74.25,74.25
25.10.2023,73.85,73.85,73.85,73.85
24.10.2023,73.40,73.40,73.40,73.40
23.10.2023,72.80,72.80,72.80,72.80
20.10.2023,72.50,72.50,72.50,72.50
19.10.2023,71.10,71.10,71.10,71.10
18.10.2023,70.35,70.35,70.35,70.35
17.10.2023,69.55,69.55,69.55,69.55
16.10.2023,69.30,69.30,69.30,69.30
13.10.2023,69.65,69.65,69.65,69.65
12.10.2023,69.65,69.65,69.65,69.65
11.10.2023,69.25,69.25,69.25,69.25
10.10.2023,69.05,69.05,69.05,69.05
09.10.2023,69.15,69.15,69.15,69.15
06.10.2023,69.80,69.80,69.80,69.80
05.10.2023,70.45,70.45,70.45,70.45
04.10.2023,70.45,70.45,70.45,70.45
03.10.2023,72.10,72.10,72.10,72.10
02.10.2023,73.25,75.00,75.00,75.00
27.02.2023,51.05,51.05,51.05,51.05
24.02.2023,51.70,51.70,51.70,51.70
23.02.2023,51.80,51.80,51.80,51.80
22.02.2023,51.80,51.80,51.80,51.80
21.02.2023,51.80,51.80,51.80,51.80
17.02.2023,51.80,51.80,51.80,51.80
16.02.2023,51.60,51.60,51.60,51.60
15.02.2023,51.05,51.05,51.05,51.05
14.02.2023,50.80,50.80,50.80,50.80
13.02.2023,50.60,50.60,50.60,50.60
10.02.2023,50.55,50.55,50.55,50.55
09.02.2023,50.45,50.45,50.45,50.45
08.02.2023,50.55,50.55,50.55,50.55
07.02.2023,50.75,50.75,50.75,50.75
06.02.2023,50.95,50.95,50.95,50.95
03.02.2023,51.25,51.25,51.25,51.25
02.02.2023,51.25,51.25,51.25,51.25
01.02.2023,50.85,50.85,50.85,50.85
31.01.2023,50.85,50.85,50.85,50.85
30.01.2023,50.85,50.85,50.85,50.85
27.01.2023,50.70,50.70,50.70,50.70
26.01.2023,50.35,50.35,50.35,50.35
25.01.2023,49.20,49.20,49.20,49.20
24.01.2023,49.10,49.10,49.10,49.10
23.01.2023,49.00,49.00,49.00,49.00
20.01.2023,48.90,48.90,48.90,48.90
19.01.2023,48.95,48.95,48.95,48.95
18.01.2023,49.10,49.10,49.10,49.10
17.01.2023,49.60,49.60,49.60,49.60
13.01.2023,50.50,50.50,50.50,50.50
12.01.2023,50.50,50.50,50.50,50.50
11.01.2023,50.45,50.45,50.45,50.45
10.01.2023,50.35,50.35,50.35,50.35
09.01.2023,49.95,49.95,49.95,49.95
06.01.2023,49.00,49.00,49.00,49.00
05.01.2023,48.95,48.95,48.95,48.95
04.01.2023,48.95,48.95,48.95,48.95
03.01.2023,48.90,48.90,48.90,48.90
30.12.2022,49.00,49.00,49.00,49.00
29.12.2022,49.00,49.00,49.00,49.00
28.12.2022,49.00,49.00,49.00,49.00
27.12.2022,49.00,49.00,49.00,49.00
23.12.2022,48.10,48.10,48.10,48.10
22.12.2022,48.10,48.10,48.10,48.10
21.12.2022,48.10,48.10,48.10,48.10
20.12.2022,48.10,48.10,48.10,48.10
19.12.2022,48.10,48.10,48.10,48.10
16.12.2022,48.15,48.15,48.15,48.15
15.12.2022,48.15,48.15,48.15,48.15
14.12.2022,48.35,48.35,48.35,48.35
13.12.2022,48.35,48.35,48.35,48.35
12.12.2022,48.70,48.70,48.70,48.70
09.12.2022,48.70,48.70,48.70,48.70
08.12.2022,48.50,48.50,48.50,48.50
07.12.2022,48.15,48.15,48.15,48.15
06.12.2022,48.30,48.30,48.30,48.30
05.12.2022,48.35,48.35,48.35,48.35
02.12.2022,49.20,49.20,49.20,49.20
01.12.2022,49.80,49.80,49.80,49.80
30.11.2022,49.95,49.95,49.95,49.95
29.11.2022,50.35,50.35,50.35,50.35
28.11.2022,50.35,50.35,50.35,50.35
25.11.2022,50.35,50.35,50.35,50.35
23.11.2022,50.35,50.35,50.35,50.35
22.11.2022,50.40,50.40,50.40,50.40
21.11.2022,50.50,50.50,50.50,50.50
18.11.2022,50.70,50.70,50.70,50.70
17.11.2022,50.70,50.70,50.70,50.70
16.11.2022,50.65,50.65,50.65,50.65
15.11.2022,50.60,50.60,50.60,50.60
14.11.2022,50.75,50.75,50.75,50.75
11.11.2022,50.75,50.75,50.75,50.75
10.11.2022,50.70,50.70,50.70,50.70
09.11.2022,50.60,50.60,50.60,50.60
08.11.2022,50.25,50.25,50.25,50.25
07.11.2022,50.00,50.00,50.00,50.00
04.11.2022,50.60,50.60,50.60,50.60
03.11.2022,51.10,51.10,51.10,51.10
02.11.2022,52.40,52.40,52.40,52.40
01.11.2022,52.65,52.65,52.65,52.65
31.10.2022,52.80,52.80,52.80,52.80
28.10.2022,53.05,53.05,53.05,53.05
27.10.2022,53.35,53.35,53.35,53.35
26.10.2022,53.35,53.35,53.35,53.35
25.10.2022,53.35,53.35,53.35,53.35
24.10.2022,53.35,53.35,53.35,53.35
21.10.2022,53.05,53.05,53.05,53.05
20.10.2022,52.65,52.65,52.65,52.65
19.10.2022,52.25,52.25,52.25,52.25
18.10.2022,51.50,51.50,51.50,51.50
17.10.2022,51.00,51.00,51.00,51.00
14.10.2022,50.60,50.60,50.60,50.60
13.10.2022,50.20,50.20,50.20,50.20
12.10.2022,49.50,49.50,49.50,49.50
11.10.2022,49.50,49.50,49.50,49.50
10.10.2022,48.80,48.80,48.80,48.80
07.10.2022,48.60,48.60,48.60,48.60
06.10.2022,48.95,48.95,48.95,48.95
05.10.2022,49.15,49.15,49.15,49.15
04.10.2022,49.25,49.25,49.25,49.25
03.10.2022,49.20,49.20,49.20,49.20
30.09.2022,49.00,49.00,49.00,49.00
29.09.2022,49.05,49.05,49.05,49.05
28.09.2022,49.20,49.20,49.20,49.20
27.09.2022,49.20,49.20,49.20,49.20
26.09.2022,49.40,49.40,49.40,49.40
23.09.2022,49.85,49.85,49.85,49.85
22.09.2022,50.30,50.30,50.30,50.30
21.09.2022,49.60,49.60,49.60,49.60
20.09.2022,49.15,49.15,49.15,49.15
19.09.2022,48.90,48.90,48.90,48.90
16.09.2022,48.90,48.90,48.90,48.90
15.09.2022,51.00,51.00,51.00,51.00
14.09.2022,51.35,51.35,51.35,51.35
13.09.2022,52.25,52.25,52.25,52.25
12.09.2022,52.90,52.90,52.90,52.90
09.09.2022,52.75,52.75,52.75,52.75
08.09.2022,52.10,52.10,52.10,52.10
07.09.2022,52.10,52.10,52.10,52.10
06.09.2022,51.95,51.95,51.95,51.95
02.09.2022,52.55,52.55,52.55,52.55
01.09.2022,53.60,53.60,53.60,53.60
31.08.2022,53.30,53.30,53.30,53.30
30.08.2022,51.35,51.35,51.35,51.35
29.08.2022,49.80,49.80,49.80,49.80
26.08.2022,49.40,49.40,49.40,49.40
25.08.2022,49.40,49.40,49.40,49.40
24.08.2022,49.40,49.40,49.40,49.40
23.08.2022,49.15,49.15,49.15,49.15
22.08.2022,49.10,49.10,49.10,49.10
19.08.2022,49.20,49.20,49.20,49.20
18.08.2022,49.20,49.20,49.20,49.20
17.08.2022,48.85,48.85,48.85,48.85
16.08.2022,48.70,48.70,48.70,48.70
15.08.2022,48.70,48.70,48.70,48.70
12.08.2022,48.85,48.85,48.85,48.85
11.08.2022,48.85,48.85,48.85,48.85
10.08.2022,48.85,48.85,48.85,48.85
09.08.2022,48.85,48.85,48.85,48.85
08.08.2022,48.85,48.85,48.85,48.85
05.08.2022,48.85,48.85,48.85,48.85
04.08.2022,48.95,48.95,48.95,48.95
03.08.2022,49.40,49.40,49.40,49.40
02.08.2022,49.55,49.55,49.55,49.55
01.08.2022,49.65,49.65,49.65,49.65
29.07.2022,49.65,49.65,49.65,49.65
28.07.2022,49.35,49.35,49.35,49.35
27.07.2022,48.25,48.25,48.25,48.25
26.07.2022,47.50,47.50,47.50,47.50
25.07.2022,47.30,47.30,47.30,47.30
22.07.2022,46.95,46.95,46.95,46.95
21.07.2022,46.95,46.95,46.95,46.95
20.07.2022,46.70,46.70,46.70,46.70
19.07.2022,46.70,46.70,46.70,46.70
18.07.2022,46.65,46.65,46.65,46.65
15.07.2022,46.65,46.65,46.65,46.65
14.07.2022,46.70,46.70,46.70,46.70
13.07.2022,47.50,47.50,47.50,47.50
12.07.2022,47.70,47.70,47.70,47.70
11.07.2022,48.40,48.40,48.40,48.40
08.07.2022,48.50,48.50,48.50,48.50
07.07.2022,48.60,48.60,48.60,48.60
06.07.2022,49.25,49.25,49.25,49.25
05.07.2022,51.05,51.05,51.05,51.05
01.07.2022,51.25,51.25,51.25,51.25
30.06.2022,50.85,50.85,50.85,50.85
29.06.2022,50.65,50.65,50.65,50.65
28.06.2022,50.10,50.10,50.10,50.10
27.06.2022,49.35,49.35,49.35,49.35
24.06.2022,48.45,48.45,48.45,48.45
23.06.2022,48.00,48.00,48.00,48.00
22.06.2022,48.35,48.35,48.35,48.35
21.06.2022,47.45,47.45,47.45,47.45
17.06.2022,47.85,47.85,47.85,47.85
16.06.2022,48.95,48.95,48.95,48.95
15.06.2022,49.45,49.45,49.45,49.45
14.06.2022,49.75,49.75,49.75,49.75
13.06.2022,50.90,50.90,50.90,50.90
10.06.2022,52.40,52.40,52.40,52.40
09.06.2022,52.85,52.85,52.85,52.85
08.06.2022,52.30,52.30,52.30,52.30
07.06.2022,51.55,51.55,51.55,51.55
06.06.2022,51.30,51.30,51.30,51.30
03.06.2022,50.70,50.70,50.70,50.70
02.06.2022,49.80,49.80,49.80,49.80
01.06.2022,49.25,49.25,49.25,49.25
31.05.2022,48.45,48.45,48.45,48.45
10.05.2022,54.15,54.15,54.15,54.15
09.05.2022,55.10,55.10,55.10,55.10
06.05.2022,55.35,55.35,55.35,55.35
05.05.2022,55.15,55.15,55.15,55.15
04.05.2022,54.55,54.55,54.55,54.55
03.05.2022,54.35,54.35,54.35,54.35
02.05.2022,54.35,54.35,54.35,54.35
29.04.2022,53.10,53.10,53.10,53.10
28.04.2022,53.05,53.05,53.05,53.05
27.04.2022,53.40,53.40,53.40,53.40
26.04.2022,54.20,54.20,54.20,54.20
25.04.2022,53.45,53.45,53.45,53.45
22.04.2022,56.60,56.60,56.60,56.60
21.04.2022,61.75,61.75,61.75,61.75
20.04.2022,64.00,64.00,64.00,64.00
19.04.2022,64.05,64.05,64.05,64.05
18.04.2022,64.35,64.35,64.35,64.35
14.04.2022,64.50,64.50,64.50,64.50
13.04.2022,64.50,64.50,64.50,64.50
12.04.2022,64.50,64.50,64.50,64.50
11.04.2022,64.45,64.45,64.45,64.45
08.04.2022,64.25,64.25,64.25,64.25
07.04.2022,63.50,62.50,62.50,62.50
06.04.2022,61.95,61.95,61.95,61.95
05.04.2022,61.45,61.45,61.45,61.45
04.04.2022,60.20,60.20,60.20,60.20
01.04.2022,59.30,59.30,59.30,59.30
31.03.2022,58.60,58.60,58.60,58.60
30.03.2022,58.75,58.75,58.75,58.75
29.03.2022,58.80,58.80,58.80,58.80
28.03.2022,59.20,59.20,59.20,59.20
25.03.2022,59.05,59.05,59.05,59.05
24.03.2022,59.10,59.10,59.10,59.10
23.03.2022,59.20,59.20,59.20,59.20
22.03.2022,59.30,59.30,59.30,59.30
21.03.2022,57.80,57.80,57.80,57.80
18.03.2022,57.25,57.25,57.25,57.25
17.03.2022,56.35,55.40,55.40,55.40
16.03.2022,55.40,55.40,55.40,55.40
15.03.2022,55.60,55.60,55.60,55.60
14.03.2022,57.45,57.45,57.45,57.45
11.03.2022,60.00,58.95,58.95,58.95
10.03.2022,60.40,60.40,60.40,60.40
09.03.2022,54.05,53.10,53.10,53.10
08.03.2022,53.15,53.15,53.15,53.15
07.03.2022,51.50,51.50,51.50,51.50
04.03.2022,51.25,51.25,51.25,51.25
03.03.2022,51.60,51.60,51.60,51.60
02.03.2022,51.60,50.35,50.35,50.35
01.03.2022,50.35,50.35,50.35,50.35
28.02.2022,48.95,49.50,49.50,49.50
25.02.2022,46.65,46.65,46.65,46.65
24.02.2022,45.05,45.05,45.05,45.05
23.02.2022,44.05,44.05,44.05,44.05
22.02.2022,44.00,44.00,44.00,44.00
18.02.2022,44.05,44.05,44.05,44.05
17.02.2022,44.05,44.05,44.05,44.05
16.02.2022,44.05,44.05,44.05,44.05
15.02.2022,44.05,44.05,44.05,44.05
14.02.2022,44.00,44.00,44.00,44.00
11.02.2022,43.95,43.95,43.95,43.95
10.02.2022,43.60,43.60,43.60,43.60
09.02.2022,43.30,43.30,43.30,43.30
08.02.2022,43.55,43.55,43.55,43.55
07.02.2022,43.90,43.90,43.90,43.90
04.02.2022,43.95,43.95,43.95,43.95
03.02.2022,44.00,44.00,44.00,44.00
02.02.2022,43.80,43.80,43.80,43.80
01.02.2022,43.90,43.90,43.90,43.90
31.01.2022,44.00,44.00,44.00,44.00
28.01.2022,44.85,44.85,44.85,44.85
27.01.2022,45.05,45.05,45.05,45.05
26.01.2022,45.05,45.05,45.05,45.05
25.01.2022,45.05,45.05,45.05,45.05
24.01.2022,45.05,45.05,45.05,45.05
27.09.2021,43.05,43.05,43.05,43.05
24.09.2021,44.30,44.30,44.30,44.30
23.09.2021,48.05,48.05,48.05,48.05
22.09.2021,49.40,49.40,49.40,49.40
21.09.2021,49.75,45.00,45.00,45.00
20.09.2021,49.90,47.75,47.75,47.75
17.09.2021,50.80,47.75,47.75,47.75
16.09.2021,49.65,47.75,47.75,47.75
15.09.2021,48.55,48.55,48.55,48.55
14.09.2021,44.90,44.90,44.90,44.90
13.09.2021,44.15,44.15,44.15,44.15
10.09.2021,42.40,42.40,42.40,42.40
09.09.2021,40.40,40.40,40.40,40.40
08.09.2021,40.25,40.25,40.25,40.25
07.09.2021,40.05,40.05,40.05,40.05
03.09.2021,38.70,38.70,38.70,38.70
02.09.2021,37.20,37.20,37.20,37.20
01.09.2021,35.65,35.65,35.65,35.65
31.08.2021,34.60,34.60,34.60,34.60
30.08.2021,33.70,33.70,33.70,33.70
27.08.2021,33.60,33.60,33.60,33.60
26.08.2021,33.45,33.45,33.45,33.45
25.08.2021,33.45,33.45,33.45,33.45
24.08.2021,33.45,33.45,33.45,33.45
23.08.2021,33.30,33.30,33.30,33.30
20.08.2021,32.55,32.55,32.55,32.55
19.08.2021,32.15,32.15,32.15,32.15
18.08.2021,30.95,30.95,30.95,30.95
17.08.2021,30.45,30.45,30.45,30.45
16.08.2021,30.35,30.35,30.35,30.35
13.08.2021,30.65,30.65,30.65,30.65
12.08.2021,31.10,31.10,31.10,31.10
11.08.2021,31.70,31.70,31.70,31.70
10.08.2021,31.70,31.70,31.70,31.70
09.08.2021,31.70,31.70,31.70,31.70
06.08.2021,32.10,32.10,32.10,32.10
05.08.2021,32.10,32.10,32.10,32.10
04.08.2021,32.25,32.25,32.25,32.25
03.08.2021,32.30,32.30,32.30,32.30
02.08.2021,32.30,32.30,32.30,32.30
30.07.2021,32.40,32.40,32.40,32.40
29.07.2021,32.55,32.55,32.55,32.55
28.07.2021,32.55,32.55,32.55,32.55
27.07.2021,32.55,32.55,32.55,32.55
26.07.2021,32.55,32.55,32.55,32.55
23.07.2021,32.55,32.55,32.55,32.55
22.07.2021,32.55,32.55,32.55,32.55
21.07.2021,32.55,32.55,32.55,32.55
20.07.2021,32.40,32.40,32.40,32.40
19.07.2021,32.35,32.35,32.35,32.35
16.07.2021,32.50,32.50,32.50,32.50
15.07.2021,32.55,32.55,32.55,32.55
14.07.2021,32.55,32.55,32.55,32.55
13.07.2021,32.55,32.55,32.55,32.55
12.07.2021,32.55,32.55,32.55,32.55
09.07.2021,32.60,32.60,32.60,32.60
08.07.2021,32.70,32.70,32.70,32.70
07.07.2021,32.70,32.70,32.70,32.70
06.07.2021,32.80,32.80,32.80,32.80
02.07.2021,32.80,32.80,32.80,32.80
01.07.2021,32.55,32.55,32.55,32.55
30.06.2021,32.45,32.45,32.45,32.45
29.06.2021,32.40,32.40,32.40,32.40
28.06.2021,32.25,32.25,32.25,32.25
25.06.2021,32.40,32.40,32.40,32.40
24.06.2021,32.60,32.60,32.60,32.60
23.06.2021,32.55,32.55,32.55,32.55
22.06.2021,32.55,32.55,32.55,32.55
21.06.2021,32.60,32.60,32.60,32.60
18.06.2021,32.40,32.40,32.40,32.40
17.06.2021,32.40,32.40,32.40,32.40
16.06.2021,32.35,32.35,32.35,32.35
15.06.2021,32.35,32.35,32.35,32.35
14.06.2021,32.50,32.50,32.50,32.50
11.06.2021,32.70,32.70,32.70,32.70
10.06.2021,32.35,32.35,32.35,32.35
09.06.2021,32.30,32.30,32.30,32.30
08.06.2021,32.20,32.20,32.20,32.20
07.06.2021,32.35,32.35,32.35,32.35
04.06.2021,31.75,31.75,31.75,31.75
03.06.2021,31.75,31.75,31.75,31.75
02.06.2021,31.55,31.55,31.55,31.55
01.06.2021,31.50,31.50,31.50,31.50
28.05.2021,31.50,31.50,31.50,31.50
27.05.2021,31.35,31.35,31.35,31.35
26.05.2021,31.30,31.30,31.30,31.30
25.05.2021,31.20,31.20,31.20,31.20
24.05.2021,31.20,31.20,31.20,31.20
21.05.2021,31.25,31.25,31.25,31.25
20.05.2021,31.25,31.25,31.25,31.25
19.05.2021,31.10,31.10,31.10,31.10
18.05.2021,31.10,31.50,31.50,31.50
17.05.2021,31.05,31.05,31.05,31.05
14.05.2021,31.10,31.10,31.10,31.10
13.05.2021,31.10,31.10,31.10,31.10
12.05.2021,31.10,31.10,31.10,31.10
11.05.2021,31.10,31.10,31.10,31.10
10.05.2021,30.85,30.85,30.85,30.85
07.05.2021,30.70,30.70,30.70,30.70
06.05.2021,30.75,30.75,30.75,30.75
05.05.2021,30.75,30.75,30.75,30.75
04.05.2021,30.95,30.95,30.95,30.95
03.05.2021,29.40,29.40,29.40,29.40
30.04.2021,29.35,29.35,29.35,29.35
29.04.2021,29.25,29.25,29.25,29.25
28.04.2021,29.15,29.15,29.15,29.15
27.04.2021,29.15,29.15,29.15,29.15
26.04.2021,29.00,29.00,29.00,29.00
23.04.2021,28.85,28.85,28.85,28.85
22.04.2021,29.05,29.05,29.05,29.05
21.04.2021,29.25,29.25,29.25,29.25
20.04.2021,29.35,29.35,29.35,29.35
19.04.2021,29.55,29.55,29.55,29.55
16.04.2021,29.65,29.65,29.65,29.65
15.04.2021,29.80,29.80,29.80,29.80
14.04.2021,30.05,30.05,30.05,30.05
13.04.2021,29.95,29.95,29.95,29.95
12.04.2021,30.20,30.20,30.20,30.20
09.04.2021,30.70,30.70,30.70,30.70
08.04.2021,30.85,30.85,30.85,30.85
07.04.2021,31.10,31.10,31.10,31.10
06.04.2021,31.15,31.15,31.15,31.15
05.04.2021,31.30,31.30,31.30,31.30
01.04.2021,31.30,31.30,31.30,31.30
31.03.2021,31.35,31.35,31.35,31.35
30.03.2021,31.25,31.25,31.25,31.25
29.03.2021,30.85,30.85,30.85,30.85
26.03.2021,30.50,30.50,30.50,30.50
25.03.2021,30.10,30.10,30.10,30.10
24.03.2021,30.05,30.05,30.05,30.05
23.03.2021,30.05,30.05,30.05,30.05
22.03.2021,30.05,30.05,30.05,30.05
19.03.2021,29.90,29.90,29.90,29.90
18.03.2021,29.95,29.95,29.95,29.95
17.03.2021,30.05,30.05,30.05,30.05
16.03.2021,29.35,29.35,29.35,29.35
15.03.2021,27.75,27.75,27.75,27.75
12.03.2021,27.70,27.70,27.70,27.70
11.03.2021,27.70,27.70,27.70,27.70
10.03.2021,27.70,27.70,27.70,27.70
09.03.2021,27.70,27.70,27.70,27.70
08.03.2021,27.85,27.85,27.85,27.85
05.03.2021,27.75,27.75,27.75,27.75
04.03.2021,27.75,27.75,27.75,27.75
03.03.2021,27.75,27.75,27.75,27.75
02.03.2021,28.00,28.00,28.00,28.00
01.03.2021,28.15,28.15,28.15,28.15
26.02.2021,28.45,28.45,28.45,28.45
25.02.2021,28.60,28.60,28.60,28.60
24.02.2021,28.75,28.75,28.75,28.75
23.02.2021,28.75,28.75,28.75,28.75
22.02.2021,29.15,29.15,29.15,29.15
19.02.2021,29.20,29.20,29.20,29.20
18.02.2021,29.10,29.10,29.10,29.10
17.02.2021,29.70,29.70,29.70,29.70
16.02.2021,29.75,29.75,29.75,29.75
12.02.2021,29.85,29.85,29.85,29.85
11.02.2021,29.90,29.90,29.90,29.90
10.02.2021,29.90,29.90,29.90,29.90
09.02.2021,29.90,29.90,29.90,29.90
08.02.2021,29.85,29.85,29.85,29.85
05.02.2021,29.85,29.85,29.85,29.85
04.02.2021,29.90,29.90,29.90,29.90
03.02.2021,30.05,30.05,30.05,30.05
02.02.2021,30.00,30.00,30.00,30.00
01.02.2021,30.15,30.15,30.15,30.15
29.01.2021,30.10,30.10,30.10,30.10
28.01.2021,30.10,30.10,30.10,30.10
27.01.2021,30.25,30.25,30.25,30.25
26.01.2021,30.40,30.40,30.40,30.40
25.01.2021,30.35,30.35,30.35,30.35
22.01.2021,30.35,30.35,30.35,30.35
21.01.2021,30.40,30.40,30.40,30.40
20.01.2021,30.45,30.45,30.45,30.45
19.01.2021,30.45,30.45,30.45,30.45
15.01.2021,30.45,30.45,30.45,30.45
14.01.2021,30.60,30.60,30.60,30.60
13.01.2021,30.60,30.60,30.60,30.60
12.01.2021,30.60,30.60,30.60,30.60
11.01.2021,30.60,30.60,30.60,30.60
08.01.2021,30.60,30.60,30.60,30.60
07.01.2021,30.65,30.65,30.65,30.65
06.01.2021,30.65,30.65,30.65,30.65
05.01.2021,30.65,30.65,30.65,30.65
04.01.2021,30.85,30.85,30.85,30.85
31.12.2020,30.70,30.70,30.70,30.70
30.12.2020,30.70,30.70,30.70,30.70
29.12.2020,30.70,30.70,30.70,30.70
28.12.2020,30.00,30.00,30.00,30.00
24.12.2020,30.35,30.35,30.35,30.35
23.12.2020,30.35,30.35,30.35,30.35
22.12.2020,30.30,30.30,30.30,30.30
21.12.2020,30.25,30.25,30.25,30.25
18.12.2020,30.10,30.10,30.10,30.10
17.12.2020,30.10,30.10,30.10,30.10
16.12.2020,30.10,30.10,30.10,30.10
15.12.2020,30.10,30.10,30.10,30.10
14.12.2020,30.00,30.00,30.00,30.00
11.12.2020,29.75,29.75,29.75,29.75
10.12.2020,29.75,29.75,29.75,29.75
09.12.2020,29.75,29.75,29.75,29.75
08.12.2020,29.75,29.75,29.75,29.75
07.12.2020,29.70,29.70,29.70,29.70
04.12.2020,29.60,29.60,29.60,29.60
03.12.2020,29.50,29.50,29.50,29.50
02.12.2020,29.55,29.55,29.55,29.55
01.12.2020,30.15,30.15,30.15,30.15
30.11.2020,29.15,29.15,29.15,29.15
27.11.2020,29.20,29.20,29.20,29.20
25.11.2020,29.15,29.15,29.15,29.15
24.11.2020,29.15,29.15,29.15,29.15
23.11.2020,29.30,29.30,29.30,29.30
20.11.2020,28.75,28.75,28.75,28.75
19.11.2020,28.95,28.95,28.95,28.95
18.11.2020,29.00,29.00,29.00,29.00
17.11.2020,29.00,29.00,29.00,29.00
16.11.2020,29.15,29.15,29.15,29.15
13.11.2020,29.15,29.15,29.15,29.15
12.11.2020,29.35,29.35,29.35,29.35
11.11.2020,29.45,29.45,29.45,29.45
10.11.2020,29.50,29.50,29.50,29.50
09.11.2020,29.50,29.50,29.50,29.50
06.11.2020,29.85,29.85,29.85,29.85
05.11.2020,29.65,29.65,29.65,29.65
04.11.2020,29.60,29.60,29.60,29.60
03.11.2020,29.55,29.55,29.55,29.55
02.11.2020,29.85,29.85,29.85,29.85
30.10.2020,29.40,29.40,29.40,29.40
29.10.2020,29.35,29.35,29.35,29.35
28.10.2020,29.40,29.40,29.40,29.40
27.10.2020,29.40,29.40,29.40,29.40
07.10.2020,29.80,29.80,29.80,29.80
06.10.2020,29.85,29.85,29.85,29.85
05.10.2020,29.85,32.35,32.35,32.35
02.10.2020,29.85,29.85,29.85,29.85
01.10.2020,29.90,29.90,29.90,29.90
30.09.2020,29.90,29.90,29.90,29.90
29.09.2020,29.90,29.90,29.90,29.90
31.08.2020,30.95,30.95,30.95,30.95
28.08.2020,30.60,30.60,30.60,30.60
27.08.2020,30.75,30.75,30.75,30.75
26.08.2020,30.80,30.80,30.80,30.80
25.08.2020,30.80,30.80,30.80,30.80
24.08.2020,30.85,30.85,30.85,30.85
21.08.2020,30.80,30.80,30.80,30.80
20.08.2020,31.05,31.05,31.05,31.05
19.08.2020,31.00,31.00,31.00,31.00
18.08.2020,31.20,31.20,31.20,31.20
17.08.2020,31.45,31.45,31.45,31.45
14.08.2020,31.60,31.60,31.60,31.60
13.08.2020,32.00,32.00,32.00,32.00
12.08.2020,32.10,32.10,32.10,32.10
11.08.2020,32.20,32.20,32.20,32.20
10.08.2020,32.25,32.25,32.25,32.25
07.08.2020,32.25,32.25,32.25,32.25
06.08.2020,32.25,32.25,32.25,32.25
05.08.2020,32.25,32.25,32.25,32.25
04.08.2020,32.30,32.30,32.30,32.30
03.08.2020,31.40,31.40,31.40,31.40
31.07.2020,31.35,31.35,31.35,31.35
30.07.2020,31.60,31.60,31.60,31.60
29.07.2020,31.70,31.70,31.70,31.70
28.07.2020,31.70,31.70,31.70,31.70
27.07.2020,31.90,31.90,31.90,31.90
24.07.2020,31.65,31.65,31.65,31.65
23.07.2020,31.65,31.65,31.65,31.65
22.07.2020,32.65,32.65,32.65,32.65
21.07.2020,32.60,32.60,32.60,32.60
20.07.2020,32.50,32.50,32.50,32.50
17.07.2020,32.50,32.50,32.50,32.50
16.07.2020,32.60,32.60,32.60,32.60
15.07.2020,32.70,32.70,32.70,32.70
14.07.2020,32.70,32.70,32.70,32.70
13.07.2020,32.80,32.80,32.80,32.80
10.07.2020,32.80,32.80,32.80,32.80
09.07.2020,33.00,33.00,33.00,33.00
08.07.2020,32.80,32.80,32.80,32.80
07.07.2020,32.75,32.75,32.75,32.75
06.07.2020,32.75,32.75,32.75,32.75
02.07.2020,32.65,32.65,32.65,32.65
01.07.2020,32.55,32.55,32.55,32.55
30.06.2020,32.55,32.55,32.55,32.55
29.06.2020,32.90,33.80,33.80,33.80
26.06.2020,32.85,32.85,32.85,32.85
25.06.2020,32.90,32.90,32.90,32.90
24.06.2020,32.85,32.85,32.85,32.85
23.06.2020,32.85,32.85,32.85,32.85
22.06.2020,32.85,32.85,32.85,32.85
19.06.2020,32.85,32.85,32.85,32.85
18.06.2020,33.05,33.05,33.05,33.05
17.06.2020,32.80,32.80,32.80,32.80
16.06.2020,33.00,33.00,33.00,33.00
15.06.2020,32.85,32.85,32.85,32.85
12.06.2020,33.05,33.05,33.05,33.05
11.06.2020,33.20,33.20,33.20,33.20
10.06.2020,33.20,33.20,33.20,33.20
09.06.2020,33.20,33.20,33.20,33.20
08.06.2020,33.05,33.05,33.05,33.05
05.06.2020,33.10,33.10,33.10,33.10
04.06.2020,33.20,33.20,33.20,33.20
03.06.2020,33.45,33.45,33.45,33.45
02.06.2020,33.50,33.50,33.50,33.50
01.06.2020,33.60,33.60,33.60,33.60
29.05.2020,34.05,34.05,34.05,34.05
28.05.2020,34.20,34.20,34.20,34.20
27.05.2020,34.05,34.05,34.05,34.05
26.05.2020,34.30,34.30,34.30,34.30
22.05.2020,34.10,35.05,35.05,35.05
21.05.2020,34.05,34.05,34.05,34.05
20.05.2020,33.90,33.90,33.90,33.90
19.05.2020,33.60,33.60,33.60,33.60
18.05.2020,33.55,33.55,33.55,33.55
15.05.2020,33.55,33.55,33.55,33.55
14.05.2020,33.45,33.45,33.45,33.45
13.05.2020,33.55,33.55,33.55,33.55
12.05.2020,33.70,33.70,33.70,33.70
11.05.2020,33.80,33.80,33.80,33.80
08.05.2020,33.90,33.90,33.90,33.90
07.05.2020,34.00,34.00,34.00,34.00
06.05.2020,34.15,34.15,34.15,34.15
05.05.2020,34.15,34.15,34.15,34.15
04.05.2020,34.15,34.15,34.15,34.15
01.05.2020,34.15,34.15,34.15,34.15
30.04.2020,33.50,33.50,33.50,33.50
29.04.2020,33.55,33.55,33.55,33.55
28.04.2020,33.40,33.40,33.40,33.40
27.04.2020,32.25,31.90,31.90,31.90
24.04.2020,32.10,32.10,32.10,32.10
23.04.2020,32.05,32.05,32.05,32.05
22.04.2020,31.90,31.90,31.90,31.90
21.04.2020,31.75,31.75,31.75,31.75
20.04.2020,31.75,31.75,31.75,31.75
17.04.2020,31.65,31.65,31.65,31.65
16.04.2020,32.35,29.00,32.10,29.00
15.04.2020,31.70,29.00,29.00,29.00
14.04.2020,30.95,30.95,30.95,30.95
13.04.2020,29.75,29.75,29.75,29.75
09.04.2020,29.55,29.55,29.55,29.55
08.04.2020,29.25,29.25,29.25,29.25
07.04.2020,28.95,28.95,28.95,28.95
06.04.2020,27.75,27.75,27.75,27.75
03.04.2020,27.75,26.70,26.70,26.70
02.04.2020,27.55,27.55,27.55,27.55
01.04.2020,27.45,27.45,27.45,27.45
31.03.2020,27.40,27.40,27.40,27.40
30.03.2020,27.20,27.20,27.20,27.20
27.03.2020,26.70,26.70,26.70,26.70
26.03.2020,26.35,26.35,26.35,26.35
25.03.2020,25.35,25.35,25.35,25.35
24.03.2020,25.35,25.35,25.35,25.35
23.03.2020,24.15,24.15,24.15,24.15
20.03.2020,24.00,24.00,24.00,24.00
19.03.2020,24.00,24.00,24.00,24.00
18.03.2020,24.00,24.00,24.00,24.00
17.03.2020,24.00,24.00,24.00,24.00
16.03.2020,23.90,23.90,23.90,23.90
13.03.2020,23.95,23.95,23.95,23.95
12.03.2020,24.10,24.10,24.10,24.10
11.03.2020,24.25,24.25,24.25,24.25
10.03.2020,24.20,24.20,24.20,24.20
09.03.2020,24.40,24.40,24.40,24.40
06.03.2020,24.35,24.35,24.35,24.35
05.03.2020,24.45,24.45,24.45,24.45
04.03.2020,24.60,24.60,24.60,24.60
03.03.2020,24.75,24.75,24.75,24.75
02.03.2020,24.75,24.75,24.75,24.75
28.02.2020,24.90,24.90,24.90,24.90
27.02.2020,24.85,24.85,24.85,24.85
26.02.2020,24.85,24.85,24.85,24.85
25.02.2020,24.85,24.85,24.85,24.85
24.02.2020,24.60,24.60,24.60,24.60
21.02.2020,24.55,24.55,24.55,24.55
20.02.2020,24.55,24.55,24.55,24.55
19.02.2020,24.60,24.60,24.60,24.60
18.02.2020,24.60,24.60,24.60,24.60
14.02.2020,24.55,24.55,24.55,24.55
13.02.2020,24.50,24.50,24.50,24.50
12.02.2020,24.50,24.50,24.50,24.50
11.02.2020,24.60,24.60,24.60,24.60
10.02.2020,24.60,24.60,24.60,24.60
07.02.2020,24.85,24.85,24.85,24.85
06.02.2020,24.85,24.85,24.85,24.85
05.02.2020,24.85,24.85,24.85,24.85
04.02.2020,24.85,24.85,24.85,24.85
03.02.2020,24.80,24.80,24.80,24.80
31.01.2020,24.80,24.80,24.80,24.80
30.01.2020,24.65,24.65,24.65,24.65
29.01.2020,24.50,24.50,24.50,24.50
28.01.2020,24.50,24.50,24.50,24.50
27.01.2020,24.40,24.40,24.40,24.40
24.01.2020,24.45,24.45,24.45,24.45
23.01.2020,24.45,24.45,24.45,24.45
22.01.2020,24.55,24.55,24.55,24.55
21.01.2020,24.55,24.85,24.85,24.85
17.01.2020,24.60,24.60,24.60,24.60
16.01.2020,24.55,24.55,24.55,24.55
15.01.2020,24.60,24.60,24.60,24.60
14.01.2020,24.60,24.60,24.60,24.60
13.01.2020,24.60,24.60,24.60,24.60
10.01.2020,24.60,24.60,24.60,24.60
09.01.2020,24.60,24.60,24.60,24.60
08.01.2020,24.65,24.65,24.65,24.65
07.01.2020,24.80,24.80,24.80,24.80
06.01.2020,25.00,25.00,25.00,25.00
03.01.2020,25.05,25.05,25.05,25.05
02.01.2020,25.05,25.05,25.05,25.05
31.12.2019,25.05,25.05,25.05,25.05
30.12.2019,24.90,24.90,24.90,24.90
27.12.2019,25.05,25.05,25.05,25.05
26.12.2019,25.05,25.05,25.05,25.05
24.12.2019,25.10,25.10,25.10,25.10
23.12.2019,25.05,25.05,25.05,25.05
20.12.2019,25.25,25.25,25.25,25.25
19.12.2019,25.45,25.45,25.45,25.45
18.12.2019,25.50,25.50,25.50,25.50
17.12.2019,25.45,25.45,25.45,25.45
16.12.2019,25.70,25.70,25.70,25.70
13.12.2019,25.70,25.70,25.70,25.70
12.12.2019,25.80,25.80,25.80,25.80
11.12.2019,26.05,26.05,26.05,26.05
10.12.2019,26.00,26.00,26.00,26.00
09.12.2019,26.00,26.00,26.00,26.00
06.12.2019,25.95,25.95,25.95,25.95
05.12.2019,25.95,25.95,25.95,25.95
04.12.2019,26.10,26.10,26.10,26.10
03.12.2019,26.10,26.10,26.10,26.10
02.12.2019,26.00,26.00,26.00,26.00
29.11.2019,26.15,26.15,26.15,26.15
27.11.2019,26.15,26.15,26.15,26.15
26.11.2019,26.10,26.10,26.10,26.10
25.11.2019,26.00,26.00,26.00,26.00
22.11.2019,26.00,26.00,26.00,26.00
21.11.2019,26.05,26.05,26.05,26.05
20.11.2019,26.00,26.00,26.00,26.00
19.11.2019,25.80,25.80,25.80,25.80
18.11.2019,25.40,25.40,25.40,25.40
15.11.2019,25.00,25.00,25.00,25.00
14.11.2019,25.00,25.00,25.00,25.00
13.11.2019,24.80,24.80,24.80,24.80
12.11.2019,24.65,24.65,24.65,24.65
11.11.2019,24.65,24.65,24.65,24.65
08.11.2019,24.70,24.70,24.70,24.70
07.11.2019,24.65,24.65,24.65,24.65
06.11.2019,24.45,24.45,24.45,24.45
05.11.2019,24.25,24.25,24.25,24.25
04.11.2019,24.15,24.15,24.15,24.15
01.11.2019,24.10,24.10,24.10,24.10
31.10.2019,23.90,23.90,23.90,23.90
30.10.2019,24.00,24.00,24.00,24.00
29.10.2019,23.95,23.95,23.95,23.95
28.10.2019,24.05,24.05,24.05,24.05
25.10.2019,24.20,24.20,24.20,24.20
24.10.2019,24.40,24.40,24.40,24.40
23.10.2019,24.40,24.40,24.40,24.40
22.10.2019,24.60,24.60,24.60,24.60
21.10.2019,24.75,24.75,24.75,24.75
18.10.2019,24.90,24.90,24.90,24.90
17.10.2019,24.95,24.95,24.95,24.95
16.10.2019,24.90,24.90,24.90,24.90
15.10.2019,24.90,24.90,24.90,24.90
14.10.2019,24.90,24.90,24.90,24.90
11.10.2019,24.95,24.95,24.95,24.95
10.10.2019,25.00,25.00,25.00,25.00
09.10.2019,25.00,25.00,25.00,25.00
08.10.2019,25.00,25.00,25.00,25.00
07.10.2019,25.30,25.30,25.30,25.30
04.10.2019,25.35,25.35,25.35,25.35
03.10.2019,25.40,25.40,25.40,25.40
02.10.2019,25.45,25.45,25.45,25.45
01.10.2019,25.70,25.70,25.70,25.70
30.09.2019,25.55,25.55,25.55,25.55
27.09.2019,25.65,25.65,25.65,25.65
26.09.2019,25.70,25.70,25.70,25.70
25.09.2019,25.70,25.70,25.70,25.70
24.09.2019,25.75,25.75,25.75,25.75
23.09.2019,25.80,25.80,25.80,25.80
20.09.2019,25.75,25.75,25.75,25.75
19.09.2019,25.75,25.75,25.75,25.75
18.09.2019,25.70,25.70,25.70,25.70
17.09.2019,25.55,25.55,25.55,25.55
16.09.2019,25.25,25.25,25.25,25.25
13.09.2019,24.95,24.95,24.95,24.95
12.09.2019,24.95,24.95,24.95,24.95
11.09.2019,25.15,25.15,25.15,25.15
10.09.2019,25.25,25.25,25.25,25.25
09.09.2019,25.20,25.20,25.20,25.20
06.09.2019,25.25,25.25,25.25,25.25
05.09.2019,25.30,25.30,25.30,25.30
04.09.2019,25.30,25.30,25.30,25.30
03.09.2019,25.30,25.30,25.30,25.30
30.08.2019,25.30,25.30,25.30,25.30
29.08.2019,25.30,25.30,25.30,25.30
28.08.2019,25.30,25.30,25.30,25.30
27.08.2019,25.30,25.30,25.30,25.30
26.08.2019,25.30,25.30,25.30,25.30
23.08.2019,25.30,25.30,25.30,25.30
22.08.2019,25.30,25.30,25.30,25.30
21.08.2019,25.25,25.25,25.25,25.25
20.08.2019,25.20,25.20,25.20,25.20
19.08.2019,25.20,25.20,25.20,25.20
16.08.2019,25.20,25.20,25.20,25.20
15.08.2019,25.35,25.35,25.35,25.35
14.08.2019,25.35,25.35,25.35,25.35
13.08.2019,25.35,25.35,25.35,25.35
12.08.2019,25.35,25.35,25.35,25.35
09.08.2019,25.35,25.35,25.35,25.35
08.08.2019,25.35,25.35,25.35,25.35
07.08.2019,25.35,25.35,25.35,25.35
06.08.2019,25.35,25.35,25.35,25.35
05.08.2019,25.35,25.35,25.35,25.35
02.08.2019,25.40,25.40,25.40,25.40
01.08.2019,25.35,25.35,25.35,25.35
31.07.2019,25.35,25.35,25.35,25.35
30.07.2019,25.45,25.45,25.45,25.45
29.07.2019,25.65,25.65,25.65,25.65
26.07.2019,25.60,25.60,25.60,25.60
25.07.2019,25.65,25.65,25.65,25.65
24.07.2019,25.70,25.70,25.70,25.70
23.07.2019,25.55,25.55,25.55,25.55
22.07.2019,25.30,25.30,25.30,25.30
19.07.2019,25.30,25.30,25.30,25.30
18.07.2019,25.75,25.75,25.75,25.75
17.07.2019,25.95,25.95,25.95,25.95
16.07.2019,26.15,26.15,26.15,26.15
15.07.2019,25.80,25.80,25.80,25.80
12.07.2019,24.95,24.95,24.95,24.95
11.07.2019,24.80,24.80,24.80,24.80
10.07.2019,24.80,24.80,24.80,24.80
09.07.2019,24.80,24.80,24.80,24.80
08.07.2019,24.80,24.80,24.80,24.80
05.07.2019,24.55,24.55,24.55,24.55
03.07.2019,24.50,24.50,24.50,24.50
02.07.2019,24.50,24.50,24.50,24.50
01.07.2019,24.60,24.60,24.60,24.60
28.06.2019,24.65,24.65,24.65,24.65
27.06.2019,24.70,24.70,24.70,24.70
26.06.2019,24.70,24.70,24.70,24.70
25.06.2019,24.80,24.80,24.80,24.80
24.06.2019,24.65,24.65,24.65,24.65
21.06.2019,24.70,24.70,24.70,24.70
20.06.2019,24.50,24.50,24.50,24.50
19.06.2019,24.45,24.45,24.45,24.45
18.06.2019,24.50,24.50,24.50,24.50
17.06.2019,24.45,24.45,24.45,24.45
14.06.2019,24.55,24.55,24.55,24.55
13.06.2019,25.00,25.00,25.00,25.00
12.06.2019,25.10,25.10,25.10,25.10
11.06.2019,24.95,24.95,24.95,24.95
10.06.2019,24.95,24.95,24.95,24.95
07.06.2019,24.70,24.70,24.70,24.70
06.06.2019,24.45,24.45,24.45,24.45
05.06.2019,24.20,24.20,24.20,24.20
04.06.2019,24.05,24.05,24.05,24.05
03.06.2019,24.05,24.05,24.05,24.05
31.05.2019,24.00,24.00,24.00,24.00
30.05.2019,24.05,24.05,24.05,24.05
29.05.2019,24.20,24.20,24.20,24.20
28.05.2019,24.20,24.20,24.20,24.20
24.05.2019,24.25,24.25,24.25,24.25
23.05.2019,24.30,24.30,24.30,24.30
22.05.2019,24.60,24.60,24.60,24.60
21.05.2019,24.65,24.65,24.65,24.65
20.05.2019,24.65,24.65,24.65,24.65
17.05.2019,24.65,25.15,25.15,25.15
16.05.2019,24.65,24.65,24.65,24.65
15.05.2019,24.65,24.65,24.65,24.65
14.05.2019,24.65,24.65,24.65,24.65
13.05.2019,24.70,24.70,24.70,24.70
10.05.2019,24.75,24.75,24.75,24.75
09.05.2019,25.00,25.00,25.00,25.00
08.05.2019,25.10,25.10,25.10,25.10
07.05.2019,25.05,25.05,25.05,25.05
06.05.2019,25.05,25.05,25.05,25.05
03.05.2019,25.10,25.10,25.10,25.10
02.05.2019,25.25,25.25,25.25,25.25
01.05.2019,25.25,25.25,25.25,25.25
30.04.2019,25.20,25.20,25.20,25.20
29.04.2019,25.30,25.30,25.30,25.30
26.04.2019,25.20,25.20,25.20,25.20
25.04.2019,25.65,25.65,25.65,25.65
24.04.2019,25.70,25.70,25.70,25.70
23.04.2019,25.80,25.80,25.80,25.80
22.04.2019,25.80,25.80,25.80,25.80
18.04.2019,25.90,25.90,25.90,25.90
17.04.2019,25.95,25.95,25.95,25.95
16.04.2019,25.95,25.95,25.95,25.95
15.04.2019,25.85,25.85,25.85,25.85
12.04.2019,25.85,25.85,25.85,25.85
11.04.2019,25.85,25.85,25.85,25.85
10.04.2019,25.85,25.85,25.85,25.85
09.04.2019,25.85,25.85,25.85,25.85
08.04.2019,25.90,25.90,25.90,25.90
05.04.2019,25.75,25.75,25.75,25.75
04.04.2019,25.75,25.75,25.75,25.75
03.04.2019,25.65,25.65,25.65,25.65
02.04.2019,25.60,25.60,25.60,25.60
01.04.2019,25.35,25.35,25.35,25.35
29.03.2019,25.00,25.00,25.00,25.00
28.03.2019,25.15,25.15,25.15,25.15
27.03.2019,25.60,25.60,25.60,25.60
26.03.2019,25.75,25.75,25.75,25.75
25.03.2019,25.75,25.75,25.75,25.75
22.03.2019,26.00,26.00,26.00,26.00
21.03.2019,26.10,26.10,26.10,26.10
20.03.2019,26.50,26.50,26.50,26.50
19.03.2019,27.00,27.00,27.00,27.00
18.03.2019,27.05,27.05,27.05,27.05
15.03.2019,27.35,27.35,27.35,27.35
14.03.2019,27.50,27.50,27.50,27.50
13.03.2019,27.85,27.85,27.85,27.85
12.03.2019,28.00,28.00,28.00,28.00
11.03.2019,28.00,28.00,28.00,28.00
08.03.2019,28.00,28.00,28.00,28.00
07.03.2019,28.15,28.15,28.15,28.15
06.03.2019,28.20,28.20,28.20,28.20
05.03.2019,28.20,28.20,28.20,28.20
04.03.2019,28.05,28.05,28.05,28.05
01.03.2019,28.00,28.00,28.00,28.00
28.02.2019,27.80,27.80,27.80,27.80
27.02.2019,27.90,27.90,27.90,27.90
26.02.2019,27.80,27.80,27.80,27.80
25.02.2019,28.20,28.20,28.20,28.20
22.02.2019,28.65,28.65,28.65,28.65
21.02.2019,28.70,28.70,28.70,28.70
20.02.2019,28.70,28.70,28.70,28.70
19.02.2019,28.70,28.70,28.70,28.70
15.02.2019,28.75,28.75,28.75,28.75
14.02.2019,28.80,28.80,28.80,28.80
13.02.2019,28.80,28.80,28.80,28.80
12.02.2019,28.85,28.85,28.85,28.85
11.02.2019,28.85,28.85,28.85,28.85
08.02.2019,28.85,28.85,28.85,28.85
07.02.2019,28.95,28.95,28.95,28.95
06.02.2019,29.00,29.00,29.00,29.00
05.02.2019,29.00,29.00,29.00,29.00
04.02.2019,29.00,29.00,29.00,29.00
01.02.2019,29.00,29.00,29.00,29.00
31.01.2019,28.95,28.95,28.95,28.95
30.01.2019,29.10,29.10,29.10,29.10
29.01.2019,29.10,29.10,29.10,29.10
28.01.2019,29.05,29.05,29.05,29.05
25.01.2019,29.05,29.05,29.05,29.05
24.01.2019,29.05,29.05,29.05,29.05
23.01.2019,28.95,28.95,28.95,28.95
22.01.2019,28.95,28.95,28.95,28.95
18.01.2019,28.90,28.90,28.90,28.90
17.01.2019,28.85,28.85,28.85,28.85
16.01.2019,28.90,28.90,28.90,28.90
15.01.2019,28.90,28.90,28.90,28.90
14.01.2019,28.90,28.90,28.90,28.90
11.01.2019,28.90,28.90,28.90,28.90
10.01.2019,28.90,28.90,28.90,28.90
09.01.2019,28.95,28.95,28.95,28.95
08.01.2019,28.90,28.90,28.90,28.90
07.01.2019,28.90,28.90,28.90,28.90
04.01.2019,28.85,28.85,28.85,28.85
03.01.2019,28.90,28.90,28.90,28.90
02.01.2019,28.90,28.90,28.90,28.90
31.12.2018,28.80,28.80,28.80,28.80
28.12.2018,28.75,28.75,28.75,28.75
27.12.2018,28.65,28.65,28.65,28.65
26.12.2018,28.65,28.65,28.65,28.65
24.12.2018,28.65,28.65,28.65,28.65
21.12.2018,28.65,28.65,28.65,28.65
20.12.2018,28.65,28.65,28.65,28.65
19.12.2018,28.65,28.65,28.65,28.65
18.12.2018,28.65,28.65,28.65,28.65
17.12.2018,28.60,28.60,28.60,28.60
14.12.2018,28.75,30.40,30.40,30.40
13.12.2018,28.80,28.80,28.80,28.80
12.12.2018,28.80,28.80,28.80,28.80
11.12.2018,28.80,28.80,28.80,28.80
10.12.2018,29.00,29.00,29.00,29.00
07.12.2018,29.00,29.00,29.00,29.00
06.12.2018,29.00,29.00,29.00,29.00
05.12.2018,29.00,29.00,29.00,29.00
04.12.2018,29.00,29.00,29.00,29.00
03.12.2018,29.10,29.10,29.10,29.10
30.11.2018,29.00,29.00,29.00,29.00
29.11.2018,28.95,28.95,28.95,28.95
28.11.2018,28.95,28.95,28.95,28.95
27.11.2018,28.95,29.20,29.20,29.20
26.11.2018,29.10,29.10,29.10,29.10
23.11.2018,29.00,29.00,29.00,29.00
21.11.2018,29.00,29.00,29.00,29.00
20.11.2018,29.15,29.15,29.15,29.15
19.11.2018,29.15,29.15,29.15,29.15
16.11.2018,29.15,29.15,29.15,29.15
15.11.2018,29.15,29.15,29.15,29.15
14.11.2018,29.15,29.15,29.15,29.15
13.11.2018,29.10,29.85,29.85,29.85
12.11.2018,29.15,29.15,29.15,29.15
09.11.2018,29.05,29.05,29.05,29.05
08.11.2018,29.00,29.00,29.00,29.00
07.11.2018,28.95,28.95,28.95,28.95
06.11.2018,28.80,28.80,28.80,28.80
05.11.2018,28.80,28.80,28.80,28.80
02.11.2018,28.55,27.85,27.85,27.85
01.11.2018,28.30,28.30,28.30,28.30
31.10.2018,28.15,27.40,27.55,27.40
30.10.2018,28.00,28.00,28.00,28.00
29.10.2018,27.95,27.95,27.95,27.95
26.10.2018,27.85,27.85,27.85,27.85
25.10.2018,27.75,27.75,27.75,27.75
24.10.2018,27.80,27.80,27.80,27.80
23.10.2018,27.75,27.75,27.75,27.75
22.10.2018,27.75,27.75,27.75,27.75
19.10.2018,27.65,27.65,27.65,27.65
18.10.2018,27.75,27.75,27.75,27.75
17.10.2018,27.70,27.70,27.70,27.70
16.10.2018,27.70,27.70,27.70,27.70
15.10.2018,27.55,27.55,27.55,27.55
12.10.2018,27.50,27.50,27.50,27.50
11.10.2018,27.50,27.50,27.50,27.50
10.10.2018,27.55,27.55,27.55,27.55
09.10.2018,27.50,27.50,27.50,27.50
08.10.2018,27.55,27.55,27.55,27.55
05.10.2018,27.50,27.50,27.50,27.50
04.10.2018,27.55,27.55,27.55,27.55
03.10.2018,27.55,27.55,27.55,27.55
02.10.2018,27.40,27.40,27.40,27.40
01.10.2018,27.40,27.40,27.40,27.40
28.09.2018,27.50,27.50,27.50,27.50
27.09.2018,27.45,27.45,27.45,27.45
26.09.2018,27.40,27.40,27.40,27.40
25.09.2018,27.45,27.45,27.45,27.45
24.09.2018,27.40,27.40,27.40,27.40
21.09.2018,27.50,27.50,27.50,27.50
20.09.2018,27.50,27.50,27.50,27.50
19.09.2018,27.40,27.40,27.40,27.40
18.09.2018,27.60,27.60,27.60,27.60
17.09.2018,27.40,27.40,27.40,27.40
14.09.2018,27.20,27.20,27.20,27.20
13.09.2018,27.20,26.50,26.50,26.50
12.09.2018,27.00,27.00,27.00,27.00
11.09.2018,27.00,27.00,27.00,27.00
10.09.2018,27.00,27.00,27.00,27.00
07.09.2018,26.70,26.70,26.70,26.70
06.09.2018,26.60,26.60,26.60,26.60
05.09.2018,26.60,26.60,26.60,26.60
04.09.2018,26.50,26.50,26.50,26.50
31.08.2018,26.45,26.45,26.45,26.45
30.08.2018,26.40,26.40,26.40,26.40
29.08.2018,26.60,26.60,26.60,26.60
28.08.2018,26.60,26.60,26.60,26.60
27.08.2018,26.30,26.30,26.30,26.30
24.08.2018,26.30,26.30,26.30,26.30
23.08.2018,26.40,26.40,26.40,26.40
22.08.2018,26.40,26.40,26.40,26.40
21.08.2018,26.15,26.15,26.15,26.15
20.08.2018,26.15,26.15,26.15,26.15
17.08.2018,26.25,26.25,26.25,26.25
16.08.2018,26.25,26.25,26.25,26.25
15.08.2018,26.25,26.25,26.25,26.25
14.08.2018,26.15,26.15,26.15,26.15
13.08.2018,26.10,26.10,26.10,26.10
10.08.2018,26.10,26.10,26.10,26.10
09.08.2018,26.10,26.10,26.10,26.10
08.08.2018,26.05,26.05,26.05,26.05
07.08.2018,26.05,26.05,26.05,26.05
06.08.2018,26.00,26.00,26.00,26.00
03.08.2018,25.95,25.95,25.95,25.95
02.08.2018,25.95,25.95,25.95,25.95
01.08.2018,25.85,25.85,25.85,25.85
31.07.2018,25.85,25.85,25.85,25.85
30.07.2018,25.75,25.75,25.75,25.75
27.07.2018,25.65,25.65,25.65,25.65
26.07.2018,25.65,25.65,25.65,25.65
25.07.2018,24.15,24.15,24.15,24.15
24.07.2018,23.75,23.75,23.75,23.75
23.07.2018,23.75,23.75,23.75,23.75
20.07.2018,23.75,23.75,23.75,23.75
19.07.2018,23.75,23.75,23.75,23.75
18.07.2018,23.50,23.50,23.50,23.50
17.07.2018,23.65,23.65,23.65,23.65
16.07.2018,23.35,23.35,23.35,23.35
13.07.2018,23.25,23.25,23.25,23.25
12.07.2018,23.15,23.15,23.15,23.15
11.07.2018,23.15,23.15,23.15,23.15
10.07.2018,23.00,23.00,23.00,23.00
09.07.2018,22.85,22.85,22.85,22.85
06.07.2018,22.85,22.85,22.85,22.85
05.07.2018,22.95,22.95,22.95,22.95
03.07.2018,22.95,22.95,22.95,22.95
02.07.2018,22.80,22.80,22.80,22.80
29.06.2018,22.70,22.70,22.70,22.70
28.06.2018,22.65,22.65,22.65,22.65
27.06.2018,22.65,22.65,22.65,22.65
26.06.2018,22.65,22.65,22.65,22.65
25.06.2018,22.65,22.65,22.65,22.65
22.06.2018,22.75,22.75,22.75,22.75
21.06.2018,22.90,22.90,22.90,22.90
20.06.2018,23.00,23.00,23.00,23.00
19.06.2018,23.15,23.15,23.15,23.15
18.06.2018,23.15,23.15,23.15,23.15
15.06.2018,23.15,23.15,23.15,23.15
14.06.2018,23.15,23.15,23.15,23.15
13.06.2018,23.40,23.40,23.40,23.40
12.06.2018,23.40,23.40,23.40,23.40
11.06.2018,23.40,23.40,23.40,23.40
08.06.2018,23.50,25.70,25.70,24.20
07.06.2018,23.75,24.40,24.60,24.40
06.06.2018,23.75,23.75,23.75,23.75
05.06.2018,23.75,23.75,23.75,23.75
04.06.2018,23.50,23.50,23.50,23.50
01.06.2018,23.00,23.00,23.00,23.00
31.05.2018,22.55,22.55,22.55,22.55
30.05.2018,22.55,22.55,22.55,22.55
29.05.2018,22.75,22.75,22.75,22.75
25.05.2018,22.75,22.75,22.75,22.75
24.05.2018,22.90,22.90,22.90,22.90
23.05.2018,22.90,22.90,22.90,22.90
22.05.2018,22.90,22.90,22.90,22.90
21.05.2018,22.70,22.70,22.70,22.70
18.05.2018,22.40,22.40,22.40,22.40
17.05.2018,22.40,22.40,22.40,22.40
16.05.2018,21.80,21.80,21.80,21.80
15.05.2018,21.80,21.80,21.80,21.80
14.05.2018,21.60,21.60,21.60,21.60
11.05.2018,21.50,21.50,21.50,21.50
10.05.2018,21.75,21.75,21.75,21.75
09.05.2018,21.75,21.75,21.75,21.75
08.05.2018,21.75,21.75,21.75,21.75
07.05.2018,21.50,21.50,21.50,21.50
04.05.2018,21.30,21.30,21.30,21.30
03.05.2018,21.30,21.30,21.30,21.30
02.05.2018,21.25,21.25,21.25,21.25
01.05.2018,21.25,21.25,21.25,21.25
30.04.2018,20.90,20.90,20.90,20.90
27.04.2018,20.75,20.75,20.75,20.75
26.04.2018,20.75,20.75,20.75,20.75
25.04.2018,21.00,21.00,21.00,21.00
24.04.2018,21.00,21.00,21.00,21.00
23.04.2018,20.75,20.75,20.75,20.75
20.04.2018,20.50,20.50,20.50,20.50
19.04.2018,20.50,20.50,20.50,20.50
18.04.2018,20.25,20.25,20.25,20.25
17.04.2018,20.50,20.50,20.50,20.50
16.04.2018,20.50,20.50,20.50,20.50
13.04.2018,20.65,20.65,20.65,20.65
12.04.2018,20.65,20.65,20.65,20.65
11.04.2018,20.65,20.65,20.65,20.65
10.04.2018,20.65,20.65,20.65,20.65
09.04.2018,21.15,21.15,21.15,21.15
06.04.2018,21.00,21.00,21.00,21.00
05.04.2018,21.00,21.00,21.00,21.00
04.04.2018,21.00,21.00,21.00,21.00
03.04.2018,21.00,21.00,21.00,21.00
02.04.2018,20.90,20.90,20.90,20.90
29.03.2018,21.00,21.00,21.00,21.00
28.03.2018,21.25,21.25,21.25,21.25
27.03.2018,21.25,21.25,21.25,21.25
26.03.2018,21.65,21.65,21.65,21.65
23.03.2018,21.75,21.75,21.75,21.75
22.03.2018,21.75,21.75,21.75,21.75
21.03.2018,22.25,22.25,22.25,22.25
20.03.2018,22.15,22.15,22.15,22.15
19.03.2018,21.75,21.75,21.75,21.75
16.03.2018,22.05,22.05,22.05,22.05
15.03.2018,22.05,22.05,22.05,22.05
14.03.2018,22.00,22.00,22.00,22.00
13.03.2018,22.00,22.00,22.00,22.00
12.03.2018,22.00,22.00,22.00,22.00
09.03.2018,21.75,21.75,21.75,21.75
08.03.2018,22.00,22.00,22.00,22.00
07.03.2018,22.00,22.00,22.00,22.00
06.03.2018,22.25,22.25,22.25,22.25
05.03.2018,22.25,22.25,22.25,22.25
02.03.2018,22.00,22.00,22.00,22.00
01.03.2018,21.65,21.65,21.65,21.65
28.02.2018,22.00,22.00,22.00,22.00
27.02.2018,21.25,21.25,21.25,21.25
26.02.2018,21.25,21.25,21.25,21.25
23.02.2018,22.00,22.00,22.00,22.00
22.02.2018,22.00,22.00,22.00,22.00
21.02.2018,22.00,22.00,22.00,22.00
20.02.2018,21.75,21.75,21.75,21.75
16.02.2018,21.75,21.75,21.75,21.75
15.02.2018,21.75,21.75,21.75,21.75
14.02.2018,21.65,21.65,21.65,21.65
13.02.2018,21.65,21.65,21.65,21.65
12.02.2018,21.65,21.65,21.65,21.65
09.02.2018,21.50,21.50,21.50,21.50
08.02.2018,21.50,21.50,21.50,21.50
07.02.2018,22.15,22.15,22.15,22.15
06.02.2018,22.25,22.25,22.25,22.25
05.02.2018,22.25,22.25,22.25,22.25
02.02.2018,22.15,22.15,22.15,22.15
01.02.2018,21.75,21.75,21.75,21.75
31.01.2018,22.25,22.25,22.25,22.25
30.01.2018,21.40,21.40,21.40,21.40
29.01.2018,21.40,21.40,21.40,21.40
26.01.2018,22.50,22.50,22.50,22.50
25.01.2018,23.00,23.00,23.00,23.00
24.01.2018,23.15,23.15,23.15,23.15
23.01.2018,23.15,23.15,23.15,23.15
22.01.2018,23.15,23.15,23.15,23.15
19.01.2018,23.40,23.40,23.40,23.40
18.01.2018,23.40,23.40,23.40,23.40
17.01.2018,23.50,23.50,23.50,23.50
16.01.2018,23.75,23.75,23.75,23.75
12.01.2018,23.75,23.75,23.75,23.75
11.01.2018,23.90,23.90,23.90,23.90
10.01.2018,24.00,24.00,24.00,24.00
09.01.2018,24.00,24.00,24.00,24.00
08.01.2018,24.00,24.00,24.00,24.00
05.01.2018,24.00,24.00,24.00,24.00
04.01.2018,24.00,24.00,24.00,24.00
03.01.2018,23.90,23.90,23.90,23.90
02.01.2018,23.90,23.90,23.90,23.90
29.12.2017,23.90,23.90,23.90,23.90
28.12.2017,24.00,24.00,24.00,24.00
27.12.2017,24.00,24.00,24.00,24.00
26.12.2017,24.00,24.00,24.00,24.00
22.12.2017,24.00,24.00,24.00,24.00
21.12.2017,24.00,24.00,24.00,24.00
20.12.2017,24.00,24.70,24.70,24.70
19.12.2017,24.00,24.00,24.00,24.00
18.12.2017,24.40,24.40,24.40,24.40
15.12.2017,24.40,24.40,24.40,24.40
14.12.2017,24.40,24.40,24.40,24.40
13.12.2017,24.65,24.65,24.65,24.65
12.12.2017,25.00,25.00,25.00,25.00
11.12.2017,25.00,25.00,25.00,25.00
08.12.2017,25.00,25.00,25.00,25.00
07.12.2017,25.00,25.00,25.00,25.00
06.12.2017,25.50,25.50,25.50,25.50
05.12.2017,25.40,25.40,25.40,25.40
04.12.2017,26.40,26.40,26.40,26.40
01.12.2017,23.00,23.00,23.00,23.00
30.11.2017,23.25,23.25,23.25,23.25
29.11.2017,23.90,23.90,23.90,23.90
28.11.2017,23.50,23.50,23.50,23.50
27.11.2017,21.65,21.65,21.65,21.65
24.11.2017,23.50,23.50,23.50,23.50
22.11.2017,24.50,24.80,24.80,24.80
21.11.2017,26.00,26.00,26.00,26.00
20.11.2017,25.50,25.50,25.50,25.50
17.11.2017,25.00,25.00,25.00,25.00
16.11.2017,24.40,24.80,24.80,24.80
15.11.2017,23.90,23.90,23.90,23.90
14.11.2017,23.40,24.80,24.80,24.80
13.11.2017,23.15,23.15,23.15,23.15
10.11.2017,22.90,22.90,22.90,22.90
09.11.2017,22.75,22.75,22.75,22.75
08.11.2017,20.45,24.80,24.80,24.80
07.11.2017,20.40,24.80,24.80,24.80
06.11.2017,20.25,24.80,24.80,24.80
03.11.2017,20.30,20.30,20.30,20.30
02.11.2017,20.30,20.30,20.30,20.30
01.11.2017,20.20,20.20,20.20,20.20
31.10.2017,20.05,20.05,20.05,20.05
30.10.2017,20.00,20.00,20.00,20.00
27.10.2017,19.95,19.95,19.95,19.95
26.10.2017,20.20,20.20,20.20,20.20
25.10.2017,20.20,20.20,20.20,20.20
24.10.2017,20.20,20.20,20.20,20.20
23.10.2017,20.15,20.15,20.15,20.15
20.10.2017,20.15,20.15,20.15,20.15
19.10.2017,20.30,20.30,20.30,20.30
18.10.2017,20.45,20.45,20.45,20.45
17.10.2017,20.45,20.45,20.45,20.45
16.10.2017,20.30,20.30,20.30,20.30
13.10.2017,20.45,20.45,20.45,20.45
12.10.2017,20.50,20.50,20.50,20.50
11.10.2017,20.50,20.50,20.50,20.50
10.10.2017,20.35,20.35,20.35,20.35
09.10.2017,20.15,20.15,20.15,20.15
06.10.2017,20.45,20.45,20.45,20.45
05.10.2017,20.45,20.45,20.45,20.45
04.10.2017,20.45,20.45,20.45,20.45
03.10.2017,20.45,20.45,20.45,20.45
02.10.2017,20.25,20.25,20.25,20.25
29.09.2017,20.25,20.25,20.25,20.25
28.09.2017,20.55,20.55,20.55,20.55
27.09.2017,20.60,20.60,20.60,20.60
26.09.2017,20.60,20.60,20.60,20.60
25.09.2017,20.50,20.50,20.50,20.50
22.09.2017,19.75,19.75,19.75,19.75
21.09.2017,20.25,20.25,20.25,20.25
20.09.2017,20.30,20.30,20.30,20.30
19.09.2017,20.30,20.30,20.30,20.30
18.09.2017,20.60,20.60,20.60,20.60
15.09.2017,20.60,20.60,20.60,20.60
14.09.2017,20.60,20.60,20.60,20.60
13.09.2017,20.65,20.65,20.65,20.65
12.09.2017,20.65,20.65,20.65,20.65
11.09.2017,20.65,20.65,20.65,20.65
08.09.2017,20.75,20.75,20.75,20.75
07.09.2017,20.90,20.90,20.90,20.90
06.09.2017,20.65,20.65,20.65,20.65
05.09.2017,20.50,20.50,20.50,20.50
01.09.2017,20.25,20.25,20.25,20.25
31.08.2017,20.15,20.15,20.15,20.15
30.08.2017,19.95,19.95,19.95,19.95
29.08.2017,20.00,20.00,20.00,20.00
28.08.2017,20.00,20.00,20.00,20.00
25.08.2017,20.15,20.15,20.15,20.15
24.08.2017,20.25,20.25,20.25,20.25
23.08.2017,20.50,20.50,20.50,20.50
22.08.2017,20.50,20.50,20.50,20.50
21.08.2017,20.50,20.50,20.50,20.50
18.08.2017,20.85,20.85,20.85,20.85
17.08.2017,20.85,20.85,20.85,20.85
16.08.2017,20.85,20.85,20.85,20.85
15.08.2017,20.75,20.75,20.75,20.75
14.08.2017,20.80,20.80,20.80,20.80
11.08.2017,20.80,20.80,20.80,20.80
10.08.2017,20.80,20.80,20.80,20.80
09.08.2017,20.65,20.65,20.65,20.65
08.08.2017,20.65,20.65,20.65,20.65
07.08.2017,20.50,20.50,20.50,20.50
04.08.2017,20.40,20.40,20.40,20.40
03.08.2017,20.40,20.40,20.40,20.40
02.08.2017,20.25,20.25,20.25,20.25
01.08.2017,20.15,20.15,20.15,20.15
31.07.2017,20.05,20.05,20.05,20.05
28.07.2017,20.50,20.50,20.50,20.50
27.07.2017,20.50,20.50,20.50,20.50
26.07.2017,20.50,20.50,20.50,20.50
25.07.2017,20.65,20.65,20.65,20.65
24.07.2017,20.65,20.65,20.65,20.65
21.07.2017,20.55,20.55,20.55,20.55
20.07.2017,20.55,20.55,20.55,20.55
19.07.2017,20.25,20.25,20.25,20.25
18.07.2017,20.15,20.15,20.15,20.15
17.07.2017,20.15,20.15,20.15,20.15
14.07.2017,20.75,20.75,20.75,20.75
13.07.2017,20.75,20.75,20.75,20.75
12.07.2017,20.75,20.75,20.75,20.75
11.07.2017,20.75,20.75,20.75,20.75
10.07.2017,20.55,20.55,20.55,20.55
07.07.2017,20.25,20.25,20.25,20.25
06.07.2017,20.25,20.25,20.25,20.25
05.07.2017,20.25,20.25,20.25,20.25
03.07.2017,20.25,20.25,20.25,20.25
30.06.2017,20.50,20.50,20.50,20.50
29.06.2017,20.50,20.50,20.50,20.50
28.06.2017,20.45,20.45,20.45,20.45
27.06.2017,20.25,20.25,20.25,20.25
26.06.2017,20.10,20.10,20.10,20.10
23.06.2017,20.15,20.15,20.15,20.15
22.06.2017,20.05,20.05,20.05,20.05
21.06.2017,20.05,20.05,20.05,20.05
20.06.2017,20.00,20.00,20.00,20.00
19.06.2017,20.00,20.00,20.00,20.00
16.06.2017,20.00,20.00,20.00,20.00
15.06.2017,20.00,20.00,20.00,20.00
14.06.2017,20.00,20.00,20.00,20.00
13.06.2017,20.00,20.00,20.00,20.00
12.06.2017,20.00,20.00,20.00,20.00
09.06.2017,19.65,19.65,19.65,19.65
08.06.2017,19.65,19.65,19.65,19.65
07.06.2017,19.65,19.65,19.65,19.65
06.06.2017,19.15,19.15,19.15,19.15
05.06.2017,19.15,19.15,19.15,19.15
02.06.2017,19.50,19.50,19.50,19.50
01.06.2017,19.50,19.50,19.50,19.50
31.05.2017,19.75,19.75,19.75,19.75
30.05.2017,19.75,19.75,19.75,19.75
26.05.2017,19.50,21.50,24.30,24.30
25.05.2017,20.00,20.00,20.00,20.00
24.05.2017,20.00,21.50,24.30,24.30
23.05.2017,20.25,20.25,20.25,20.25
22.05.2017,21.75,21.75,21.75,21.75
19.05.2017,21.75,21.75,21.75,21.75
18.05.2017,21.75,21.75,21.75,21.75
17.05.2017,21.75,21.75,21.75,21.75
16.05.2017,21.65,21.50,24.30,24.30
15.05.2017,21.50,21.50,24.30,24.30
12.05.2017,22.65,22.65,22.65,22.65
11.05.2017,22.65,21.50,24.30,24.30
10.05.2017,22.50,21.50,24.30,24.30
09.05.2017,22.50,22.50,22.50,22.50
08.05.2017,22.65,22.65,22.65,22.65
05.05.2017,22.75,22.75,22.75,22.75
04.05.2017,22.65,22.65,22.65,22.65
03.05.2017,22.65,22.65,22.65,22.65
02.05.2017,22.65,22.65,22.65,22.65
01.05.2017,22.65,22.65,22.65,22.65
28.04.2017,22.75,21.50,24.30,24.30
27.04.2017,22.75,22.75,22.75,22.75
26.04.2017,22.75,21.50,24.30,24.30
25.04.2017,22.75,22.75,22.75,22.75
24.04.2017,22.75,22.75,22.75,22.75
21.04.2017,22.90,22.90,22.90,22.90
20.04.2017,23.00,23.00,23.00,23.00
19.04.2017,23.00,23.00,23.00,23.00
18.04.2017,23.25,23.25,23.25,23.25
17.04.2017,23.50,23.50,23.50,23.50
13.04.2017,23.50,23.50,23.50,23.50
12.04.2017,23.50,23.50,23.50,23.50
11.04.2017,23.55,23.55,23.55,23.55
10.04.2017,23.55,23.55,23.55,23.55
07.04.2017,23.50,23.50,23.50,23.50
06.04.2017,23.50,23.50,23.50,23.50
05.04.2017,23.50,23.50,23.50,23.50
04.04.2017,23.50,23.50,23.50,23.50
03.04.2017,23.50,23.50,23.50,23.50
31.03.2017,23.25,23.25,23.25,23.25
30.03.2017,24.15,24.15,24.15,24.15
29.03.2017,24.40,24.40,24.40,24.40
28.03.2017,24.50,24.50,24.50,24.50
27.03.2017,24.65,24.65,24.65,24.65
24.03.2017,24.65,24.65,24.65,24.65
23.03.2017,25.15,25.15,25.15,25.15
22.03.2017,25.40,25.40,25.40,25.40
21.03.2017,25.40,25.40,25.40,25.40
20.03.2017,25.40,25.40,25.40,25.40
17.03.2017,25.40,25.40,25.40,25.40
16.03.2017,25.45,25.45,25.45,25.45
15.03.2017,25.25,25.25,25.25,25.25
14.03.2017,25.00,25.00,25.00,25.00
13.03.2017,24.50,24.50,24.50,24.50
10.03.2017,24.50,24.50,24.50,24.50
09.03.2017,25.25,25.25,25.25,25.25
08.03.2017,25.65,25.65,25.65,25.65
07.03.2017,26.25,26.25,26.25,26.25
06.03.2017,25.75,25.75,25.75,25.75
03.03.2017,25.50,25.50,25.50,25.50
02.03.2017,24.65,24.65,24.65,24.65
01.03.2017,24.50,24.50,24.50,24.50
28.02.2017,23.00,23.00,23.00,23.00
27.02.2017,22.50,22.50,22.50,22.50
24.02.2017,22.75,22.75,22.75,22.75
23.02.2017,24.00,24.00,24.00,24.00
22.02.2017,24.15,24.15,24.15,24.15
21.02.2017,24.75,24.75,24.75,24.75
17.02.2017,25.00,25.00,25.00,25.00
16.02.2017,25.00,25.00,25.00,25.00
15.02.2017,25.90,25.90,25.90,25.90
14.02.2017,25.90,25.90,25.90,25.90
13.02.2017,26.75,26.75,26.75,26.75
10.02.2017,26.75,26.75,26.75,26.75
09.02.2017,26.65,26.65,26.65,26.65
08.02.2017,26.50,26.50,26.50,26.50
07.02.2017,26.15,26.15,26.15,26.15
06.02.2017,26.15,26.15,26.15,26.15
03.02.2017,25.75,25.75,25.75,25.75
02.02.2017,25.25,25.25,25.25,25.25
01.02.2017,25.00,25.00,25.00,25.00
31.01.2017,24.65,24.65,24.65,24.65
30.01.2017,24.50,24.50,24.50,24.50
27.01.2017,23.50,23.50,23.50,23.50
26.01.2017,23.25,23.25,23.25,23.25
25.01.2017,23.25,23.25,23.25,23.25
24.01.2017,22.90,22.90,22.90,22.90
23.01.2017,22.90,22.90,22.90,22.90
20.01.2017,22.90,22.90,22.90,22.90
19.01.2017,22.75,22.75,22.75,22.75
18.01.2017,22.75,22.75,22.75,22.75
17.01.2017,22.90,22.90,22.90,22.90
13.01.2017,23.00,23.00,23.00,23.00
12.01.2017,23.00,23.00,23.00,23.00
11.01.2017,23.00,23.00,23.00,23.00
10.01.2017,24.25,24.25,24.25,24.25
09.01.2017,22.00,22.00,22.00,22.00
06.01.2017,21.90,21.90,21.90,21.90
05.01.2017,21.65,21.65,21.65,21.65
04.01.2017,21.65,21.65,21.65,21.65
03.01.2017,20.50,20.50,20.50,20.50
30.12.2016,20.40,20.40,20.40,20.40
29.12.2016,20.40,20.40,20.40,20.40
28.12.2016,20.40,20.40,20.40,20.40
27.12.2016,20.40,20.40,20.40,20.40
23.12.2016,20.40,20.40,20.40,20.40
22.12.2016,20.40,20.40,20.40,20.40
21.12.2016,20.40,20.40,20.40,20.40
20.12.2016,20.40,20.40,20.40,20.40
19.12.2016,20.40,20.40,20.40,20.40
16.12.2016,20.40,20.40,20.40,20.40
15.12.2016,22.00,22.00,22.00,22.00
14.12.2016,22.00,22.00,22.00,22.00
13.12.2016,19.25,19.25,19.25,19.25
12.12.2016,18.40,18.40,18.40,18.40
09.12.2016,18.40,18.40,18.40,18.40
08.12.2016,18.25,18.25,18.25,18.25
07.12.2016,18.00,18.00,18.00,18.00
06.12.2016,18.00,18.00,18.00,18.00
05.12.2016,18.00,18.00,18.00,18.00
02.12.2016,18.00,18.00,18.00,18.00
01.12.2016,18.00,18.00,18.00,18.00
30.11.2016,17.75,17.75,17.75,17.75
29.11.2016,18.15,18.15,18.15,18.15
28.11.2016,18.50,18.50,18.50,18.50
25.11.2016,18.50,18.50,18.50,18.50
23.11.2016,18.50,18.50,18.50,18.50
22.11.2016,18.50,18.50,18.50,18.50
21.11.2016,18.50,18.50,18.50,18.50
18.11.2016,18.50,18.50,18.50,18.50
17.11.2016,18.50,18.50,18.50,18.50
16.11.2016,18.65,18.65,18.65,18.65
15.11.2016,18.65,18.65,18.65,18.65
14.11.2016,18.65,18.65,18.65,18.65
11.11.2016,18.45,18.45,18.45,18.45
10.11.2016,18.25,18.25,18.25,18.25
09.11.2016,18.50,18.50,18.50,18.50
08.11.2016,18.75,18.75,18.75,18.75
07.11.2016,18.75,18.75,18.75,18.75
04.11.2016,18.75,18.75,18.75,18.75
03.11.2016,18.75,18.75,18.75,18.75
02.11.2016,18.75,18.75,18.75,18.75
01.11.2016,18.90,18.90,18.90,18.90
31.10.2016,18.75,18.75,18.75,18.75
28.10.2016,19.65,19.65,19.65,19.65
27.10.2016,19.70,19.70,19.70,19.70
26.10.2016,19.70,19.70,19.70,19.70
25.10.2016,20.00,20.00,20.00,20.00
24.10.2016,20.00,20.00,20.00,20.00
21.10.2016,20.00,20.00,20.00,20.00
20.10.2016,20.50,20.50,20.50,20.50
19.10.2016,20.50,20.50,20.50,20.50
18.10.2016,20.90,20.90,20.90,20.90
17.10.2016,21.65,21.65,21.65,21.65
14.10.2016,21.90,21.90,21.90,21.90
13.10.2016,22.00,22.00,22.00,22.00
12.10.2016,22.50,22.50,22.50,22.50
11.10.2016,22.75,22.75,22.75,22.75
10.10.2016,22.75,22.75,22.75,22.75
07.10.2016,22.75,22.75,22.75,22.75
06.10.2016,22.75,22.75,22.75,22.75
05.10.2016,22.75,22.75,22.75,22.75
04.10.2016,22.65,22.65,22.65,22.65
03.10.2016,22.40,22.40,22.40,22.40
30.09.2016,22.40,22.40,22.40,22.40
29.09.2016,23.00,23.00,23.00,23.00
28.09.2016,23.50,23.50,23.50,23.50
27.09.2016,23.50,23.50,23.50,23.50
26.09.2016,23.25,23.25,23.25,23.25
23.09.2016,24.40,24.40,24.40,24.40
22.09.2016,24.40,24.40,24.40,24.40
21.09.2016,24.75,24.75,24.75,24.75
20.09.2016,24.90,24.90,24.90,24.90
19.09.2016,24.90,24.90,24.90,24.90
16.09.2016,25.25,25.25,25.25,25.25
15.09.2016,25.25,25.25,25.25,25.25
14.09.2016,25.40,25.40,25.40,25.40
13.09.2016,25.40,25.40,25.40,25.40
12.09.2016,25.40,25.40,25.40,25.40
09.09.2016,25.40,25.40,25.40,25.40
08.09.2016,25.65,25.65,25.65,25.65
07.09.2016,25.65,25.65,25.65,25.65
06.09.2016,25.65,25.65,25.65,25.65
02.09.2016,25.65,25.65,25.65,25.65
01.09.2016,25.65,25.65,25.65,25.65
31.08.2016,25.25,25.25,25.25,25.25
30.08.2016,25.25,25.25,25.25,25.25
29.08.2016,25.40,25.40,25.40,25.40
26.08.2016,25.95,25.95,25.95,25.95
25.08.2016,25.95,25.95,25.95,25.95
24.08.2016,25.90,25.90,25.90,25.90
23.08.2016,25.90,25.90,25.90,25.90
22.08.2016,25.75,25.75,25.75,25.75
19.08.2016,25.75,25.75,25.75,25.75
18.08.2016,26.05,26.05,26.05,26.05
17.08.2016,26.05,26.05,26.05,26.05
16.08.2016,26.00,26.00,26.00,26.00
15.08.2016,26.00,26.00,26.00,26.00
12.08.2016,26.00,26.00,26.00,26.00
11.08.2016,26.00,26.00,26.00,26.00
10.08.2016,25.80,25.80,25.80,25.80
09.08.2016,25.80,25.80,25.80,25.80
08.08.2016,26.20,26.20,26.20,26.20
05.08.2016,26.25,26.25,26.25,26.25
04.08.2016,26.45,26.45,26.45,26.45
03.08.2016,26.70,26.70,26.70,26.70
02.08.2016,26.65,26.65,26.65,26.65
01.08.2016,26.25,26.25,26.25,26.25
29.07.2016,26.00,26.00,26.00,26.00
28.07.2016,26.75,26.75,26.75,26.75
27.07.2016,26.25,26.25,26.25,26.25
26.07.2016,25.65,25.65,25.65,25.65
25.07.2016,25.20,25.20,25.20,25.20
22.07.2016,25.50,25.50,25.50,25.50
21.07.2016,25.50,25.50,25.50,25.50
20.07.2016,25.50,25.50,25.50,25.50
19.07.2016,25.40,25.40,25.40,25.40
18.07.2016,25.05,25.05,25.05,25.05
15.07.2016,25.90,25.90,25.90,25.90
14.07.2016,26.00,26.00,26.00,26.00
13.07.2016,26.20,26.20,26.20,26.20
12.07.2016,26.45,26.45,26.45,26.45
11.07.2016,26.45,26.45,26.45,26.45
08.07.2016,26.50,26.50,26.50,26.50
07.07.2016,26.50,26.50,26.50,26.50
06.07.2016,26.45,26.45,26.45,26.45
05.07.2016,26.45,26.45,26.45,26.45
01.07.2016,26.50,26.50,26.50,26.50
30.06.2016,26.40,26.40,26.40,26.40
29.06.2016,26.50,26.50,26.50,26.50
28.06.2016,26.65,26.65,26.65,26.65
27.06.2016,27.00,27.00,27.00,27.00
24.06.2016,27.25,27.25,27.25,27.25
23.06.2016,26.50,26.50,26.50,26.50
22.06.2016,26.50,26.50,26.50,26.50
21.06.2016,26.40,26.40,26.40,26.40
20.06.2016,26.00,26.00,26.00,26.00
17.06.2016,26.00,26.00,26.00,26.00
16.06.2016,26.90,26.90,26.90,26.90
15.06.2016,27.55,27.55,27.55,27.55
14.06.2016,28.00,28.00,28.00,28.00
13.06.2016,28.05,28.05,28.05,28.05
10.06.2016,28.25,28.25,28.25,28.25
09.06.2016,28.25,28.25,28.25,28.25
08.06.2016,28.25,28.25,28.25,28.25
07.06.2016,28.25,28.25,28.25,28.25
06.06.2016,28.25,28.25,28.25,28.25
03.06.2016,28.30,28.30,28.30,28.30
02.06.2016,28.00,28.00,28.00,28.00
01.06.2016,27.30,27.30,27.30,27.30
31.05.2016,27.25,27.25,27.25,27.25
27.05.2016,27.25,27.25,27.25,27.25
26.05.2016,27.25,27.25,27.25,27.25
25.05.2016,28.25,28.25,28.25,28.25
24.05.2016,28.20,28.20,28.20,28.20
23.05.2016,28.50,28.50,28.50,28.50
20.05.2016,28.65,28.65,28.65,28.65
19.05.2016,28.65,28.65,28.65,28.65
18.05.2016,28.75,28.75,28.75,28.75
17.05.2016,28.70,28.70,28.70,28.70
16.05.2016,28.35,28.35,28.35,28.35
13.05.2016,28.05,28.05,28.05,28.05
12.05.2016,27.75,27.75,27.75,27.75
11.05.2016,27.75,27.75,27.75,27.75
10.05.2016,27.75,27.75,27.75,27.75
09.05.2016,27.65,27.65,27.65,27.65
06.05.2016,27.60,27.60,27.60,27.60
05.05.2016,27.55,27.55,27.55,27.55
04.05.2016,27.65,27.65,27.65,27.65
03.05.2016,27.65,27.65,27.65,27.65
02.05.2016,27.65,27.65,27.65,27.65
29.04.2016,27.65,27.65,27.65,27.65
28.04.2016,27.40,27.40,27.40,27.40
27.04.2016,27.65,27.65,27.65,27.65
26.04.2016,27.65,27.65,27.65,27.65
25.04.2016,27.55,27.55,27.55,27.55
22.04.2016,28.00,28.00,28.00,28.00
21.04.2016,26.95,26.95,26.95,26.95
20.04.2016,27.50,27.50,27.50,27.50
19.04.2016,27.50,27.50,27.50,27.50
18.04.2016,27.00,27.00,27.00,27.00
15.04.2016,26.00,26.00,26.00,26.00
14.04.2016,27.25,27.25,27.25,27.25
13.04.2016,27.80,27.80,27.80,27.80
12.04.2016,28.25,28.25,28.25,28.25
11.04.2016,28.55,28.55,28.55,28.55
08.04.2016,28.50,28.50,28.50,28.50
07.04.2016,28.50,28.50,28.50,28.50
06.04.2016,28.40,28.40,28.40,28.40
05.04.2016,28.20,28.20,28.20,28.20
04.04.2016,27.95,27.95,27.95,27.95
01.04.2016,27.90,27.90,27.90,27.90
31.03.2016,28.15,28.15,28.15,28.15
30.03.2016,28.45,28.45,28.45,28.45
29.03.2016,29.05,29.05,29.05,29.05
28.03.2016,29.20,29.20,29.20,29.20
24.03.2016,29.50,29.50,29.50,29.50
23.03.2016,29.50,29.50,29.50,29.50
22.03.2016,29.70,29.70,29.70,29.70
21.03.2016,29.65,29.65,29.65,29.65
18.03.2016,29.75,29.75,29.75,29.75
17.03.2016,29.75,29.75,29.75,29.75
16.03.2016,29.50,29.50,29.50,29.50
15.03.2016,29.15,29.15,29.15,29.15
14.03.2016,28.65,28.65,28.65,28.65
11.03.2016,28.70,28.70,28.70,28.70
10.03.2016,28.90,28.90,28.90,28.90
09.03.2016,29.70,29.70,29.70,29.70
08.03.2016,30.65,30.65,30.65,30.65
07.03.2016,31.20,31.20,31.20,31.20
04.03.2016,31.40,31.40,31.40,31.40
03.03.2016,31.90,31.90,31.90,31.90
02.03.2016,32.15,32.15,32.15,32.15
01.03.2016,32.20,32.20,32.20,32.20
29.02.2016,32.15,32.15,32.15,32.15
26.02.2016,32.00,32.00,32.00,32.00
25.02.2016,32.55,32.55,32.55,32.55
24.02.2016,33.00,33.00,33.00,33.00
23.02.2016,33.40,33.40,33.40,33.40
22.02.2016,33.40,33.40,33.40,33.40
19.02.2016,33.50,33.50,33.50,33.50
18.02.2016,33.50,33.50,33.50,33.50
17.02.2016,34.00,34.00,34.00,34.00
16.02.2016,34.00,34.00,34.00,34.00
12.02.2016,34.15,34.15,34.15,34.15
11.02.2016,34.15,34.15,34.15,34.15
10.02.2016,34.15,34.15,34.15,34.15
09.02.2016,34.20,34.20,34.20,34.20
08.02.2016,34.20,34.20,34.20,34.20
05.02.2016,34.40,34.40,34.40,34.40
04.02.2016,34.50,34.50,34.50,34.50
03.02.2016,34.50,34.50,34.50,34.50
02.02.2016,34.60,34.60,34.60,34.60
01.02.2016,34.65,34.65,34.65,34.65
29.01.2016,34.70,34.70,34.70,34.70
28.01.2016,34.75,34.75,34.75,34.75
27.01.2016,34.75,34.75,34.75,34.75
26.01.2016,34.75,34.75,34.75,34.75
25.01.2016,34.90,34.90,34.90,34.90
22.01.2016,34.75,34.75,34.75,34.75
21.01.2016,34.80,34.80,34.80,34.80
20.01.2016,34.80,34.80,34.80,34.80
19.01.2016,34.85,34.85,34.85,34.85
15.01.2016,34.80,34.80,34.80,34.80
14.01.2016,34.80,34.80,34.80,34.80
13.01.2016,34.75,34.75,34.75,34.75
12.01.2016,34.65,34.65,34.65,34.65
11.01.2016,34.65,34.65,34.65,34.65
08.01.2016,34.65,34.65,34.65,34.65
07.01.2016,34.50,34.50,34.50,34.50
06.01.2016,35.00,35.00,35.00,35.00
05.01.2016,35.05,35.05,35.05,35.05
04.01.2016,34.45,34.45,34.45,34.45
31.12.2015,34.45,34.45,34.45,34.45
30.12.2015,34.45,34.45,34.45,34.45
29.12.2015,34.50,34.50,34.50,34.50
28.12.2015,34.30,34.30,34.30,34.30
24.12.2015,34.30,34.30,34.30,34.30
23.12.2015,34.25,34.25,34.25,34.25
22.12.2015,33.75,33.75,33.75,33.75
21.12.2015,33.55,33.55,33.55,33.55
18.12.2015,34.15,34.15,34.15,34.15
17.12.2015,35.25,35.25,35.25,35.25
16.12.2015,35.25,35.25,35.25,35.25
15.12.2015,35.90,35.90,35.90,35.90
14.12.2015,36.15,36.15,36.15,36.15
11.12.2015,36.15,36.15,36.15,36.15
10.12.2015,36.15,36.15,36.15,36.15
09.12.2015,36.15,36.15,36.15,36.15
08.12.2015,36.05,36.05,36.05,36.05
07.12.2015,36.10,36.10,36.10,36.10
04.12.2015,36.10,36.10,36.10,36.10
03.12.2015,36.10,36.10,36.10,36.10
02.12.2015,36.10,36.10,36.10,36.10
01.12.2015,36.10,36.10,36.10,36.10
30.11.2015,36.10,36.10,36.10,36.10
27.11.2015,36.10,36.10,36.10,36.10
25.11.2015,36.10,36.10,36.10,36.10
24.11.2015,36.10,36.10,36.10,36.10
23.11.2015,36.10,36.10,36.10,36.10
20.11.2015,36.10,36.10,36.10,36.10
19.11.2015,36.10,36.10,36.10,36.10
18.11.2015,36.10,36.10,36.10,36.10
17.11.2015,36.00,36.00,36.00,36.00
16.11.2015,36.00,36.00,36.00,36.00
13.11.2015,36.00,36.00,36.00,36.00
12.11.2015,36.00,36.00,36.00,36.00
11.11.2015,36.00,36.00,36.00,36.00
10.11.2015,36.00,36.00,36.00,36.00
09.11.2015,36.00,36.00,36.00,36.00
06.11.2015,36.00,36.00,36.00,36.00
05.11.2015,36.00,36.00,36.00,36.00
04.11.2015,36.00,36.00,36.00,36.00
03.11.2015,36.00,36.00,36.00,36.00
02.11.2015,35.75,35.75,35.75,35.75
30.10.2015,35.40,35.40,35.40,35.40
29.10.2015,35.50,35.50,35.50,35.50
28.10.2015,35.70,35.70,35.70,35.70
27.10.2015,36.15,36.15,36.15,36.15
26.10.2015,36.50,36.50,36.50,36.50
23.10.2015,36.75,36.75,36.75,36.75
22.10.2015,37.00,37.00,37.00,37.00
21.10.2015,37.60,37.60,37.60,37.60
20.10.2015,37.65,37.65,37.65,37.65
19.10.2015,37.65,37.65,37.65,37.65
16.10.2015,37.75,37.75,37.75,37.75
15.10.2015,37.80,37.80,37.80,37.80
14.10.2015,37.90,37.90,37.90,37.90
13.10.2015,37.90,37.90,37.90,37.90
12.10.2015,38.00,38.00,38.00,38.00
09.10.2015,37.50,37.50,37.50,37.50
08.10.2015,37.30,37.30,37.30,37.30
07.10.2015,37.05,37.05,37.05,37.05
06.10.2015,37.00,37.00,37.00,37.00
05.10.2015,37.00,37.00,37.00,37.00
02.10.2015,36.80,36.80,36.80,36.80
01.10.2015,36.50,36.50,36.50,36.50
30.09.2015,36.65,36.65,36.65,36.65
29.09.2015,36.65,36.65,36.65,36.65
28.09.2015,36.75,36.75,36.75,36.75
25.09.2015,37.00,37.00,37.00,37.00
24.09.2015,37.25,37.25,37.25,37.25
23.09.2015,37.30,37.30,37.30,37.30
22.09.2015,37.30,37.30,37.30,37.30
21.09.2015,37.30,37.30,37.30,37.30
18.09.2015,37.30,37.30,37.30,37.30
17.09.2015,37.30,37.30,37.30,37.30
16.09.2015,37.30,37.30,37.30,37.30
15.09.2015,37.25,37.25,37.25,37.25
14.09.2015,37.30,37.30,37.30,37.30
11.09.2015,37.30,37.30,37.30,37.30
10.09.2015,37.30,37.30,37.30,37.30
09.09.2015,37.25,37.25,37.25,37.25
08.09.2015,37.25,37.25,37.25,37.25
04.09.2015,37.25,37.25,37.25,37.25
03.09.2015,36.95,36.95,36.95,36.95
02.09.2015,36.95,36.95,36.95,36.95
01.09.2015,36.95,36.95,36.95,36.95
31.08.2015,36.90,36.90,36.90,36.90
28.08.2015,36.90,36.90,36.90,36.90
27.08.2015,36.90,36.90,36.90,36.90
26.08.2015,36.90,36.90,36.90,36.90
25.08.2015,36.75,36.75,36.75,36.75
24.08.2015,36.70,36.70,36.70,36.70
21.08.2015,36.55,36.55,36.55,36.55
20.08.2015,36.40,36.40,36.40,36.40
19.08.2015,36.40,36.40,36.40,36.40
18.08.2015,36.40,36.40,36.40,36.40
17.08.2015,36.40,36.40,36.40,36.40
14.08.2015,36.40,36.40,36.40,36.40
13.08.2015,36.40,36.40,36.40,36.40
12.08.2015,36.40,36.40,36.40,36.40
11.08.2015,36.20,36.20,36.20,36.20
10.08.2015,35.25,35.25,35.25,35.25
07.08.2015,35.25,35.25,35.25,35.25
06.08.2015,35.25,35.25,35.25,35.25
05.08.2015,35.25,35.25,35.25,35.25
04.08.2015,35.25,35.25,35.25,35.25
03.08.2015,35.25,35.25,35.25,35.25
31.07.2015,35.30,35.30,35.30,35.30
30.07.2015,36.05,36.05,36.05,36.05
29.07.2015,36.05,36.05,36.05,36.05
28.07.2015,36.05,36.05,36.05,36.05
27.07.2015,36.15,36.15,36.15,36.15
24.07.2015,36.20,36.20,36.20,36.20
23.07.2015,36.25,36.25,36.25,36.25
22.07.2015,36.40,36.40,36.40,36.40
21.07.2015,36.40,36.40,36.40,36.40
20.07.2015,36.40,36.40,36.40,36.40
17.07.2015,36.40,36.40,36.40,36.40
16.07.2015,36.25,36.25,36.25,36.25
15.07.2015,36.30,36.30,36.30,36.30
14.07.2015,36.30,36.30,36.30,36.30
13.07.2015,36.30,36.30,36.30,36.30
10.07.2015,36.30,36.30,36.30,36.30
09.07.2015,36.30,36.30,36.30,36.30
08.07.2015,36.40,36.40,36.40,36.40
07.07.2015,36.40,36.40,36.40,36.40
06.07.2015,36.40,36.40,36.40,36.40
02.07.2015,36.40,36.40,36.40,36.40
01.07.2015,36.25,36.25,36.25,36.25
30.06.2015,35.75,35.75,35.75,35.75
29.06.2015,36.75,36.75,36.75,36.75
26.06.2015,36.75,36.75,36.75,36.75
25.06.2015,36.75,36.75,36.75,36.75
24.06.2015,36.75,36.75,36.75,36.75
23.06.2015,36.75,36.75,36.75,36.75
22.06.2015,36.75,36.75,36.75,36.75
19.06.2015,36.75,36.75,36.75,36.75
18.06.2015,36.75,36.75,36.75,36.75
17.06.2015,36.75,36.75,36.75,36.75
16.06.2015,36.50,36.50,36.50,36.50
15.06.2015,36.50,36.50,36.50,36.50
12.06.2015,36.25,36.25,36.25,36.25
11.06.2015,36.25,36.25,36.25,36.25
10.06.2015,36.00,36.00,36.00,36.00
09.06.2015,36.00,36.00,36.00,36.00
08.06.2015,35.90,35.90,35.90,35.90
05.06.2015,35.90,35.90,35.90,35.90
04.06.2015,35.90,35.90,35.90,35.90
03.06.2015,35.65,35.65,35.65,35.65
02.06.2015,35.65,35.65,35.65,35.65
01.06.2015,35.40,35.40,35.40,35.40
29.05.2015,35.10,35.10,35.10,35.10
28.05.2015,35.00,35.00,35.00,35.00
27.05.2015,35.00,35.00,35.00,35.00
26.05.2015,35.15,35.15,35.15,35.15
22.05.2015,35.25,35.25,35.25,35.25
21.05.2015,35.25,35.25,35.25,35.25
20.05.2015,35.25,35.25,35.25,35.25
19.05.2015,35.40,35.40,35.40,35.40
18.05.2015,35.75,35.75,35.75,35.75
15.05.2015,35.75,35.75,35.75,35.75
14.05.2015,35.75,35.75,35.75,35.75
13.05.2015,36.00,36.00,36.00,36.00
12.05.2015,36.00,36.00,36.00,36.00
11.05.2015,36.00,36.00,36.00,36.00
08.05.2015,36.45,36.45,36.45,36.45
07.05.2015,36.80,36.80,36.80,36.80
06.05.2015,36.50,36.50,36.50,36.50
05.05.2015,35.75,35.75,35.75,35.75
04.05.2015,35.70,35.70,35.70,35.70
01.05.2015,35.70,35.70,35.70,35.70
30.04.2015,37.00,37.00,37.00,37.00
29.04.2015,37.90,37.90,37.90,37.90
28.04.2015,38.05,38.05,38.05,38.05
27.04.2015,38.20,38.20,38.20,38.20
24.04.2015,38.60,38.60,38.60,38.60
23.04.2015,38.90,38.90,38.90,38.90
22.04.2015,38.90,38.90,38.90,38.90
21.04.2015,38.90,38.90,38.90,38.90
20.04.2015,38.90,38.90,38.90,38.90
17.04.2015,38.90,38.90,38.90,38.90
16.04.2015,39.00,39.00,39.00,39.00
15.04.2015,39.00,39.00,39.00,39.00
14.04.2015,39.00,39.00,39.00,39.00
13.04.2015,39.15,39.15,39.15,39.15
10.04.2015,39.25,39.25,39.25,39.25
09.04.2015,39.30,39.30,39.30,39.30
08.04.2015,39.30,39.30,39.30,39.30
07.04.2015,39.30,39.30,39.30,39.30
06.04.2015,39.30,39.30,39.30,39.30
03.04.2015,39.45,39.45,39.45,39.45
02.04.2015,39.45,39.45,39.45,39.45
01.04.2015,39.55,39.55,39.55,39.55
31.03.2015,39.50,39.50,39.50,39.50
30.03.2015,39.50,39.50,39.50,39.50
27.03.2015,39.50,39.50,39.50,39.50
26.03.2015,39.50,39.50,39.50,39.50
25.03.2015,39.50,39.50,39.50,39.50
24.03.2015,39.50,39.50,39.50,39.50
23.03.2015,39.50,39.50,39.50,39.50
20.03.2015,39.25,39.25,39.25,39.25
19.03.2015,40.15,40.15,40.15,40.15
18.03.2015,39.75,39.75,39.75,39.75
17.03.2015,39.45,39.45,39.45,39.45
16.03.2015,39.50,39.50,39.50,39.50
13.03.2015,39.25,39.25,39.25,39.25
12.03.2015,39.40,39.40,39.40,39.40
11.03.2015,39.40,39.40,39.40,39.40
10.03.2015,39.50,39.50,39.50,39.50
09.03.2015,39.50,39.50,39.50,39.50
06.03.2015,39.65,39.65,39.65,39.65
05.03.2015,39.65,39.65,39.65,39.65
04.03.2015,39.65,39.65,39.65,39.65
03.03.2015,39.50,39.50,39.50,39.50
02.03.2015,39.00,39.00,39.00,39.00
27.02.2015,38.75,38.75,38.75,38.75
26.02.2015,38.70,38.70,38.70,38.70
25.02.2015,38.75,38.75,38.75,38.75
24.02.2015,38.75,38.75,38.75,38.75
23.02.2015,38.55,38.55,38.55,38.55
20.02.2015,38.50,38.50,38.50,38.50
19.02.2015,38.45,38.45,38.45,38.45
18.02.2015,38.45,38.45,38.45,38.45
17.02.2015,38.45,38.45,38.45,38.45
13.02.2015,38.00,38.00,38.00,38.00
12.02.2015,37.80,37.80,37.80,37.80
11.02.2015,38.15,38.15,38.15,38.15
10.02.2015,38.20,38.20,38.20,38.20
09.02.2015,38.20,38.20,38.20,38.20
06.02.2015,38.20,38.20,38.20,38.20
05.02.2015,38.20,38.20,38.20,38.20
04.02.2015,38.00,38.00,38.00,38.00
03.02.2015,37.55,37.55,37.55,37.55
02.02.2015,37.45,37.45,37.45,37.45
30.01.2015,37.25,37.25,37.25,37.25
29.01.2015,37.45,37.45,37.45,37.45
28.01.2015,37.30,37.30,37.30,37.30
27.01.2015,37.15,37.15,37.15,37.15
26.01.2015,37.15,37.15,37.15,37.15
23.01.2015,37.00,37.00,37.00,37.00
22.01.2015,36.75,36.75,36.75,36.75
21.01.2015,36.65,36.65,36.65,36.65
20.01.2015,36.70,36.70,36.70,36.70
16.01.2015,36.50,36.50,36.50,36.50
15.01.2015,36.50,36.50,36.50,36.50
14.01.2015,35.75,35.75,35.75,35.75
13.01.2015,35.65,35.65,35.65,35.65
12.01.2015,35.45,35.45,35.45,35.45
09.01.2015,35.40,35.40,35.40,35.40
08.01.2015,35.25,35.25,35.25,35.25
07.01.2015,35.25,35.25,35.25,35.25
06.01.2015,35.25,35.25,35.25,35.25
05.01.2015,35.25,35.25,35.25,35.25
02.01.2015,35.25,35.25,35.25,35.25
31.12.2014,35.25,35.25,35.25,35.25
30.12.2014,35.50,35.50,35.50,35.50
29.12.2014,35.70,35.70,35.70,35.70
26.12.2014,36.45,36.45,36.45,36.45
24.12.2014,36.30,36.30,36.30,36.30
23.12.2014,36.45,36.45,36.45,36.45
22.12.2014,36.55,36.55,36.55,36.55
19.12.2014,36.75,36.75,36.75,36.75
18.12.2014,36.75,36.75,36.75,36.75
17.12.2014,36.75,36.75,36.75,36.75
16.12.2014,37.25,37.25,37.25,37.25
15.12.2014,37.25,37.25,37.25,37.25
12.12.2014,37.25,37.25,37.25,37.25
11.12.2014,37.25,37.25,37.25,37.25
10.12.2014,37.75,37.75,37.75,37.75
09.12.2014,37.75,37.75,37.75,37.75
08.12.2014,37.75,37.75,37.75,37.75
05.12.2014,38.20,38.20,38.20,38.20
04.12.2014,38.25,38.25,38.25,38.25
03.12.2014,38.25,38.25,38.25,38.25
02.12.2014,38.40,38.40,38.40,38.40
01.12.2014,38.75,38.75,38.75,38.75
28.11.2014,40.25,40.25,40.25,40.25
26.11.2014,40.00,40.00,40.00,40.00
25.11.2014,40.50,40.50,40.50,40.50
24.11.2014,39.50,39.50,39.50,39.50
21.11.2014,38.25,38.25,38.25,38.25
20.11.2014,41.50,41.50,41.50,41.50
19.11.2014,42.05,42.05,42.05,42.05
18.11.2014,43.15,43.15,43.15,43.15
17.11.2014,44.00,44.00,44.00,44.00
14.11.2014,43.50,43.50,43.50,43.50
13.11.2014,43.00,43.00,43.00,43.00
12.11.2014,42.00,42.00,42.00,42.00
11.11.2014,41.90,41.90,41.90,41.90
10.11.2014,42.00,42.00,42.00,42.00
07.11.2014,41.00,41.00,41.00,41.00
06.11.2014,39.00,37.60,37.60,37.60
05.11.2014,37.60,37.60,37.60,37.60
04.11.2014,37.15,37.15,37.15,37.15
03.11.2014,36.75,36.75,36.75,36.75
31.10.2014,36.50,36.50,36.50,36.50
30.10.2014,36.95,36.95,36.95,36.95
29.10.2014,37.00,37.00,37.00,37.00
28.10.2014,36.70,36.70,36.70,36.70
27.10.2014,36.40,36.40,36.40,36.40
24.10.2014,36.05,36.05,36.05,36.05
23.10.2014,36.00,36.00,36.00,36.00
22.10.2014,36.00,36.00,36.00,36.00
21.10.2014,35.75,35.75,35.75,35.75
20.10.2014,35.75,35.75,35.75,35.75
17.10.2014,35.75,35.75,35.75,35.75
16.10.2014,35.50,35.50,35.50,35.50
15.10.2014,35.40,35.40,35.40,35.40
14.10.2014,35.50,35.50,35.50,35.50
13.10.2014,35.65,35.65,35.65,35.65
10.10.2014,35.50,35.50,35.50,35.50
09.10.2014,35.50,35.50,35.50,35.50
08.10.2014,35.90,35.90,35.90,35.90
07.10.2014,35.75,35.75,35.75,35.75
06.10.2014,35.75,35.75,35.75,35.75
03.10.2014,35.75,35.75,35.75,35.75
02.10.2014,35.75,36.00,36.00,36.00
01.10.2014,35.30,35.30,35.50,35.30
30.09.2014,35.30,35.30,35.30,35.30
29.09.2014,35.30,35.30,35.30,35.30
26.09.2014,35.50,35.50,35.50,35.50
25.09.2014,35.55,35.55,35.55,35.55
24.09.2014,36.20,36.20,36.20,36.20
23.09.2014,36.65,36.65,36.65,36.65
22.09.2014,36.50,36.50,36.50,36.50
19.09.2014,36.65,36.65,36.65,36.65
18.09.2014,36.75,36.75,36.75,36.75
17.09.2014,36.00,36.00,36.00,36.00
16.09.2014,35.00,35.00,35.00,35.00
15.09.2014,34.00,34.00,34.00,34.00
12.09.2014,33.40,33.40,33.40,33.40
11.09.2014,33.00,33.00,33.00,33.00
10.09.2014,32.90,32.90,32.90,32.90
09.09.2014,32.90,32.90,32.90,32.90
08.09.2014,32.90,32.90,32.90,32.90
05.09.2014,32.75,32.75,32.75,32.75
04.09.2014,32.65,32.65,32.65,32.65
03.09.2014,32.65,32.65,32.65,32.65
02.09.2014,32.65,32.65,32.65,32.65
29.08.2014,32.75,32.75,32.75,32.75
28.08.2014,33.00,33.00,33.00,33.00
27.08.2014,32.50,32.50,32.50,32.50
26.08.2014,31.55,31.55,31.55,31.55
25.08.2014,31.65,31.65,31.65,31.65
22.08.2014,31.65,31.65,31.65,31.65
21.08.2014,31.65,31.65,31.65,31.65
20.08.2014,31.50,31.50,31.50,31.50
19.08.2014,31.40,31.40,31.40,31.40
18.08.2014,31.25,31.25,31.25,31.25
15.08.2014,31.00,31.00,31.00,31.00
14.08.2014,31.00,31.00,31.00,31.00
13.08.2014,31.00,31.00,31.00,31.00
12.08.2014,30.90,30.90,30.90,30.90
11.08.2014,30.50,30.50,30.50,30.50
08.08.2014,30.00,30.00,30.00,30.00
07.08.2014,29.75,29.75,29.75,29.75
06.08.2014,29.50,29.50,29.50,29.50
05.08.2014,29.50,29.50,29.50,29.50
04.08.2014,29.00,29.00,29.00,29.00
01.08.2014,28.75,28.75,28.75,28.75
31.07.2014,28.75,28.75,28.75,28.75
30.07.2014,28.70,28.70,28.70,28.70
29.07.2014,28.75,28.75,28.75,28.75
28.07.2014,28.60,28.60,28.60,28.60
25.07.2014,28.60,28.60,28.60,28.60
24.07.2014,28.50,28.50,28.50,28.50
23.07.2014,28.50,28.50,28.50,28.50
22.07.2014,28.50,28.50,28.50,28.50
21.07.2014,28.50,28.50,28.50,28.50
18.07.2014,28.50,28.50,28.50,28.50
17.07.2014,28.50,28.50,28.50,28.50
16.07.2014,28.50,28.50,28.50,28.50
15.07.2014,28.50,28.50,28.50,28.50
14.07.2014,28.40,28.40,28.40,28.40
11.07.2014,28.40,28.40,28.40,28.40
10.07.2014,28.40,28.40,28.40,28.40
09.07.2014,28.50,28.50,28.50,28.50
08.07.2014,28.50,28.50,28.50,28.50
07.07.2014,28.50,28.50,28.50,28.50
03.07.2014,28.30,28.30,28.30,28.30
02.07.2014,28.30,28.30,28.30,28.30
01.07.2014,28.30,28.30,28.30,28.30
30.06.2014,28.25,28.25,28.25,28.25
27.06.2014,28.25,28.25,28.25,28.25
26.06.2014,28.25,28.25,28.25,28.25
25.06.2014,28.40,28.40,28.40,28.40
24.06.2014,28.25,28.25,28.25,28.25
23.06.2014,28.25,28.25,28.25,28.25
20.06.2014,28.25,28.25,28.25,28.25
19.06.2014,28.25,28.25,28.25,28.25
18.06.2014,28.25,28.25,28.25,28.25
17.06.2014,28.25,28.25,28.25,28.25
16.06.2014,28.25,28.25,28.25,28.25
13.06.2014,28.30,28.30,28.30,28.30
12.06.2014,28.45,28.45,28.45,28.45
11.06.2014,28.50,28.50,28.50,28.50
10.06.2014,28.50,28.50,28.50,28.50
09.06.2014,28.50,28.50,28.50,28.50
06.06.2014,28.65,28.65,28.65,28.65
05.06.2014,28.65,28.65,28.65,28.65
04.06.2014,28.25,28.25,28.25,28.25
03.06.2014,28.25,28.25,28.25,28.25
02.06.2014,28.25,28.25,28.25,28.25
30.05.2014,28.25,28.25,28.25,28.25
29.05.2014,28.25,28.25,28.25,28.25
28.05.2014,28.25,28.25,28.25,28.25
27.05.2014,28.25,28.25,28.25,28.25
23.05.2014,28.30,28.30,28.30,28.30
22.05.2014,28.15,28.15,28.15,28.15
21.05.2014,28.15,28.15,28.15,28.15
20.05.2014,28.05,28.05,28.05,28.05
19.05.2014,28.00,28.00,28.00,28.00
16.05.2014,28.25,28.25,28.25,28.25
15.05.2014,28.45,28.45,28.45,28.45
14.05.2014,28.75,28.75,28.75,28.75
13.05.2014,29.05,29.05,29.05,29.05
12.05.2014,29.05,29.05,29.05,29.05
09.05.2014,29.05,29.05,29.05,29.05
08.05.2014,29.00,29.00,29.00,29.00
07.05.2014,29.00,29.00,29.00,29.00
06.05.2014,29.00,29.00,29.00,29.00
05.05.2014,29.25,29.25,29.25,29.25
02.05.2014,30.05,30.05,30.05,30.05
01.05.2014,30.15,30.15,30.15,30.15
30.04.2014,30.50,30.50,30.50,30.50
29.04.2014,30.55,30.55,30.55,30.55
28.04.2014,30.85,30.85,30.85,30.85
25.04.2014,31.00,31.00,31.00,31.00
24.04.2014,31.50,31.50,31.50,31.50
23.04.2014,31.50,31.50,31.50,31.50
22.04.2014,32.25,32.25,32.25,32.25
21.04.2014,32.50,32.50,32.50,32.50
17.04.2014,32.50,32.50,32.50,32.50
16.04.2014,32.50,32.50,32.50,32.50
15.04.2014,33.00,33.00,33.00,33.00
14.04.2014,33.15,33.15,33.15,33.15
11.04.2014,33.25,33.25,33.25,33.25
10.04.2014,33.25,33.25,33.25,33.25
09.04.2014,33.40,33.40,33.40,33.40
08.04.2014,33.70,33.70,33.70,33.70
07.04.2014,33.80,33.80,33.80,33.80
04.04.2014,33.95,33.95,33.95,33.95
03.04.2014,34.25,34.25,34.25,34.25
02.04.2014,34.45,34.45,34.45,34.45
01.04.2014,34.45,34.45,34.45,34.45
31.03.2014,34.00,34.00,34.00,34.00
28.03.2014,34.30,34.30,34.30,34.30
27.03.2014,34.45,34.45,34.45,34.45
26.03.2014,34.50,34.50,34.50,34.50
25.03.2014,34.75,34.75,34.75,34.75
24.03.2014,34.75,34.75,34.75,34.75
21.03.2014,34.75,34.75,34.75,34.75
20.03.2014,34.90,34.90,34.90,34.90
19.03.2014,34.90,34.90,34.90,34.90
18.03.2014,34.90,34.90,34.90,34.90
17.03.2014,34.80,34.80,34.80,34.80
14.03.2014,34.80,34.80,34.80,34.80
13.03.2014,34.95,34.95,34.95,34.95
12.03.2014,35.00,35.00,35.00,35.00
11.03.2014,35.05,35.05,35.05,35.05
10.03.2014,35.05,35.05,35.05,35.05
07.03.2014,35.00,35.00,35.00,35.00
06.03.2014,35.00,35.00,35.00,35.00
05.03.2014,35.00,35.00,35.00,35.00
04.03.2014,35.15,35.15,35.15,35.15
03.03.2014,35.25,35.25,35.25,35.25
28.02.2014,35.45,35.45,35.45,35.45
27.02.2014,35.45,35.45,35.45,35.45
26.02.2014,35.50,35.50,35.50,35.50
25.02.2014,35.55,35.55,35.55,35.55
24.02.2014,35.50,35.50,35.50,35.50
21.02.2014,35.70,35.70,35.70,35.70
20.02.2014,35.70,35.70,35.70,35.70
19.02.2014,35.70,35.70,35.70,35.70
18.02.2014,35.70,35.70,35.70,35.70
14.02.2014,35.70,35.70,35.70,35.70
13.02.2014,35.70,35.70,35.70,35.70
12.02.2014,35.70,35.70,35.70,35.70
11.02.2014,35.80,35.80,35.80,35.80
10.02.2014,35.80,35.80,35.80,35.80
07.02.2014,35.75,35.75,35.75,35.75
06.02.2014,35.80,35.80,35.80,35.80
05.02.2014,35.80,35.80,35.80,35.80
04.02.2014,35.80,35.80,35.80,35.80
03.02.2014,35.80,35.80,35.80,35.80
31.01.2014,35.80,35.80,35.80,35.80
30.01.2014,35.80,35.80,35.80,35.80
29.01.2014,35.80,35.80,35.80,35.80
28.01.2014,35.80,35.80,35.80,35.80
27.01.2014,35.70,35.70,35.70,35.70
24.01.2014,35.75,35.75,35.75,35.75
23.01.2014,35.75,35.75,35.75,35.75
22.01.2014,35.90,35.90,35.90,35.90
21.01.2014,35.90,35.90,35.90,35.90
17.01.2014,36.15,36.15,36.15,36.15
